"Sample_ID","Entosphenus tridentatus","Ptychocheilus oregonensis","Rhinichthys spp","Richardsonius balteatus","Catostomus spp","Prosopium williamsoni","Salvelinus fontinalis","Salvelinus confluentus","Oncorhynchus clarkii","Oncorhynchus mykiss","Unidentified Fry","Oncorhynchus tshawytscha","Cottus spp","Dicamptodon aterrimus"
"BL-1992",0,0,64,0,0,2,0,0,5,921,0,287,194,0
"BL-1993",0,0,75,0,25,2,0,0,7,663,0,193,184,0
"BL-2001",0,0,86,0,0,6,0,0,3,451,645,432,256,0
"BL-2002",0,0,90,0,47,1,0,0,4,83,839,748,93,0
"BL-2003",0,0,114,0,25,2,0,2,5,199,408,943,100,0
"BL-2004",0,0,329,0,16,0,0,0,9,145,733,393,34,0
"BL-2005",0,0,263,0,35,6,0,0,0,211,1334,841,276,0
"BL-2006",0,0,334,0,131,31,0,2,15,184,925,1170,943,0
"BL-2007",0,0,116,0,29,4,0,2,9,246,475,268,397,0
"BL-2008",0,0,485,0,154,27,0,2,0,159,641,912,594,0
"BL-2009",0,0,390,0,108,48,0,1,31,204,1189,1588,864,0
"BL-2010",0,0,87,0,11,17,0,2,0,510,1091,1488,346,0
"BL-2011",0,0,58,0,13,0,0,3,0,151,792,1643,352,0
"BL-2012",0,0,58,0,4,2,0,2,1,130,1073,1150,297,0
"BL-2013",0,0,91,0,31,0,2,0,0,471,325,1060,253,0
"BL-2014",0,0,90,0,106,2,0,0,3,215,795,1052,184,0
"BL-2015",0,0,447,0,147,1,0,0,0,369,1694,1222,214,0
"BL-2016",0,0,77,0,251,0,0,0,7,392,1188,923,131,0
"BL-2017",0,0,246,0,177,0,0,2,8,152,1052,959,201,0
"BL-2018",0,0,44,0,35,0,0,1,6,137,414,114,129,0
"BL-2019",0,0,176,0,44,0,0,0,5,67,505,201,146,0
"BU-1992",0,0,3,0,0,5,371,0,0,519,0,464,870,0
"BU-1993",0,0,1,0,0,1,364,1,0,503,0,559,952,0
"BU-1994",0,0,0,0,0,1,151,4,0,233,0,862,1862,0
"BU-1998",0,0,0,0,0,0,473,2,0,170,9,993,1677,0
"BU-1999",0,0,0,0,0,0,307,8,0,19,52,864,915,0
"BU-2002",0,0,0,0,0,1,141,5,2,65,356,1533,1442,0
"BU-2003",0,0,3,0,0,0,167,9,1,142,698,1933,2844,0
"BU-2004",0,0,0,0,0,0,83,7,0,195,395,1801,2049,0
"BU-2005",0,0,1,0,0,0,435,4,0,203,823,1917,6292,0
"BU-2006",0,0,0,0,0,4,565,0,1,121,374,1163,1581,0
"BU-2007",0,0,0,0,0,1,315,15,0,405,322,647,1459,0
"BU-2008",0,0,0,0,0,0,280,13,1,265,610,1024,2372,0
"BU-2009",0,0,0,0,0,0,417,10,0,267,471,1701,2045,0
"BU-2010",0,0,0,0,0,1,342,23,1,437,261,1918,2843,0
"BU-2011",0,0,0,0,0,2,677,8,5,273,420,2094,1531,0
"BU-2012",0,0,0,0,0,0,259,7,5,312,195,2142,1789,0
"BU-2013",0,0,0,0,0,0,227,5,0,198,510,1368,1353,0
"BU-2014",0,0,0,0,0,0,311,8,1,316,255,1167,1675,0
"BU-2015",0,0,0,0,0,0,653,5,0,93,402,1115,1620,0
"BU-2016",0,0,0,0,0,0,159,6,0,185,300,1096,2013,0
"BU-2017",0,0,4,0,0,0,588,6,0,94,86,1071,976,0
"BU-2018",0,0,0,0,0,1,317,2,0,59,95,490,1180,0
"BU-2019",0,0,0,0,0,0,267,10,0,80,18,995,1211,0
"BU-2021",0,0,0,0,0,0,193,3,0,20,189,552,1508,0
"BV-1992",0,0,85,0,0,35,442,0,0,1175,0,1035,171,0
"BV-1993",0,0,23,0,0,38,276,5,0,497,0,875,299,0
"BV-1994",0,0,107,0,0,205,528,0,0,316,0,1558,455,0
"BV-1997",0,0,29,0,0,32,560,1,0,497,0,441,994,0
"BV-1998",0,0,6,0,0,7,284,0,0,174,9,849,864,0
"BV-1999",0,0,24,0,1,8,343,1,0,49,93,1198,1290,0
"BV-2000",0,0,8,0,19,61,935,1,1,348,405,652,2232,0
"BV-2001",0,0,63,0,541,102,592,8,0,636,1756,1543,1116,0
"BV-2002",0,0,191,0,71,447,174,1,1,130,863,1121,41,0
"BV-2003",0,0,16,0,1,598,24,0,0,16,39,1995,1,0
"BV-2004",0,0,55,0,10,265,29,1,0,47,384,2640,30,0
"BV-2005",0,0,39,0,180,75,325,3,0,198,550,1211,243,0
"BV-2006",0,0,187,0,203,57,571,0,0,77,86,857,407,0
"BV-2007",0,0,167,0,357,18,479,3,0,434,602,539,841,0
"BV-2008",0,0,139,0,48,22,161,3,0,32,150,637,397,0
"BV-2009",0,0,29,0,204,5,235,0,0,49,378,1184,563,0
"BV-2010",0,0,24,0,179,67,580,0,0,212,312,1195,1210,0
"BV-2011",0,0,44,0,21,15,203,0,0,41,112,1573,380,0
"BV-2012",0,0,60,0,147,41,327,1,0,283,321,2125,792,0
"BV-2013",0,0,6,0,56,0,308,5,0,116,363,1140,362,0
"BV-2014",0,0,21,0,509,28,220,1,0,144,539,1070,297,0
"BV-2015",0,0,95,0,909,19,350,1,0,151,1317,1460,251,0
"BV-2016",0,0,89,0,1189,21,468,0,0,93,1372,1292,170,0
"BV-2017",0,0,67,0,440,16,128,1,0,46,288,1078,66,0
"BV-2018",0,0,25,0,706,11,415,0,0,90,82,1041,172,0
"BV-2019",0,0,60,0,511,2,778,0,0,48,311,1041,695,0
"BV-2021",0,0,88,0,1658,12,304,2,0,98,497,628,270,0
"BV-2022",0,0,109,0,633,49,460,1,0,98,148,1109,105,0
"BV-2023",0,0,71,0,167,137,389,0,0,33,113,1495,23,0
"CA-1992",0,0,3,0,0,3,6,0,0,1422,0,1052,4,0
"CA-1993",0,0,0,0,0,7,4,0,0,1068,0,233,0,0
"CA-1994",0,0,0,0,0,1,4,0,0,1076,0,1986,0,0
"CA-1999",0,0,0,0,0,2,0,3,0,141,299,972,0,0
"CA-2002",0,0,0,0,0,0,0,4,0,124,1015,1233,0,0
"CA-2003",0,0,0,0,1,1,0,3,0,155,474,1201,156,0
"CA-2004",0,0,0,0,0,8,0,1,0,122,1973,1742,0,0
"CA-2005",0,0,0,0,0,77,0,5,0,211,1917,538,0,0
"CA-2006",0,0,0,0,0,2,0,3,0,119,421,600,0,0
"CA-2007",0,0,0,0,0,8,1,7,3,354,997,525,0,0
"CA-2008",0,0,0,0,0,34,0,3,3,230,380,511,0,0
"CA-2009",0,0,0,0,0,16,0,2,0,124,168,600,0,0
"CA-2010",0,0,0,0,0,7,0,2,0,76,1163,562,0,0
"CA-2012",0,0,0,0,0,5,3,8,1,148,190,124,0,0
"CA-2013",0,0,0,0,0,6,0,2,0,126,336,736,0,0
"CA-2014",0,0,0,0,0,3,0,2,0,198,356,686,0,0
"CA-2015",0,0,0,0,0,2,0,8,0,91,351,391,0,0
"CA-2016",0,0,0,0,0,1,0,2,2,62,86,147,0,0
"CA-2019",0,0,0,0,0,1,0,1,0,32,16,308,0,0
"CH-1992",0,0,0,0,0,0,35,0,0,38,0,216,71,0
"CH-1994",0,0,2,0,0,3,96,0,0,2,0,3833,154,0
"CH-1998",0,0,0,0,0,0,64,0,0,13,0,396,158,0
"CH-1999",0,0,0,0,0,0,31,2,0,9,12,1107,292,0
"CH-2002",0,0,0,0,0,0,57,9,0,21,8,1066,421,0
"CH-2003",0,0,0,0,0,0,117,1,0,49,46,2319,706,0
"CH-2004",0,0,1,0,0,0,47,4,0,65,96,2703,1068,0
"CH-2005",0,0,0,0,0,1,37,1,6,16,21,279,302,0
"CH-2006",0,0,0,0,1,0,47,1,0,25,88,862,285,0
"CH-2007",0,0,0,0,0,0,89,3,0,38,258,681,781,0
"CH-2009",0,0,0,0,0,2,77,3,0,101,98,1228,1262,0
"CH-2010",0,0,0,0,0,0,26,7,0,32,6,396,231,0
"CH-2013",0,0,0,0,0,1,30,13,0,39,114,1895,416,0
"CH-2014",0,0,0,0,0,6,42,1,0,142,21,958,780,0
"CH-2015",0,0,0,0,0,0,42,1,0,29,106,1147,939,0
"CH-2016",0,0,0,0,0,2,44,0,0,40,37,1386,557,0
"CH-2017",0,0,0,0,0,0,48,0,0,44,8,1479,254,0
"CH-2019",0,0,0,0,0,0,44,9,0,27,6,546,378,0
"CH-2021",0,0,0,0,0,0,39,1,0,25,96,1227,804,0
"CH-2022",0,0,0,0,0,0,67,1,0,48,3,1271,658,0
"CH-2023",0,0,0,0,0,7,23,0,0,0,7,159,210,0
"CL-1993",0,0,0,0,0,1,0,4,0,356,0,76,266,0
"CL-1994",0,0,0,0,0,50,0,0,0,219,0,266,350,0
"CL-2002",0,0,0,0,0,0,0,0,0,4,2,49,18,0
"CL-2003",0,0,0,0,0,1,0,0,18,116,167,316,94,0
"CL-2004",0,0,0,0,0,0,0,2,0,42,239,355,130,0
"CL-2006",0,0,0,0,0,1,0,0,0,101,127,317,120,0
"CL-2008",0,0,0,0,0,11,0,1,0,75,49,308,449,0
"CL-2009",0,0,0,0,0,13,0,4,0,54,112,631,223,0
"CL-2010",0,0,0,0,0,9,1,3,0,216,399,976,555,0
"CL-2011",0,0,0,0,0,3,0,3,0,246,245,944,337,0
"CL-2012",0,0,0,0,0,8,0,4,0,339,229,661,365,0
"CL-2013",0,0,0,0,0,0,0,0,0,91,57,597,174,0
"CL-2014",0,0,0,0,0,1,0,0,0,60,172,799,275,0
"CL-2015",0,0,0,0,0,4,0,3,0,122,293,482,510,0
"CL-2016",0,0,0,0,0,20,0,11,0,173,261,921,1592,0
"CL-2018",0,0,0,0,0,0,0,5,0,116,65,764,720,0
"CL-2019",0,0,0,0,0,0,0,5,0,107,0,764,1120,0
"CL-2021",0,0,0,0,0,2,0,0,0,21,4,277,243,0
"EF-1992",0,0,0,0,0,0,2,0,0,976,0,903,897,0
"EF-1993",0,0,0,0,0,23,0,0,0,1131,0,928,598,0
"EF-1994",0,0,0,0,0,3,0,0,0,1186,0,1070,1187,0
"EF-1999",0,0,0,0,1,1,0,2,0,14,0,818,262,0
"EL-1992",0,0,9,0,0,52,664,0,0,706,0,636,138,0
"EL-1993",0,0,14,0,0,144,564,1,0,372,0,1019,300,0
"EL-1994",0,0,2,0,0,55,430,0,0,161,0,1542,209,0
"EL-1997",0,0,0,0,0,21,252,1,0,107,0,253,624,0
"EL-1998",0,0,4,0,1,38,592,0,0,57,0,717,878,0
"EL-1999",0,0,10,0,0,31,427,5,0,15,26,710,1184,0
"EL-2000",0,0,1,0,6,31,439,1,0,87,25,61,342,0
"EL-2001",0,0,3,0,74,1558,490,4,2,131,631,1574,208,0
"EL-2002",0,0,21,0,12,102,269,1,0,68,83,999,22,0
"EL-2003",0,0,80,0,8,812,61,0,1,61,134,1819,6,0
"EL-2004",0,0,51,0,21,117,110,0,0,107,72,2098,35,0
"EL-2005",0,0,18,0,92,914,315,0,0,71,82,1098,79,0
"EL-2006",0,0,88,0,95,98,509,1,0,72,8,818,283,0
"EL-2007",0,0,4,0,134,268,105,3,0,92,84,850,573,0
"EL-2008",0,0,5,0,59,464,82,0,0,21,9,619,75,0
"EL-2009",0,0,14,0,346,95,631,2,0,62,355,1121,726,0
"EL-2010",0,0,18,0,178,197,323,2,0,131,121,1098,1232,0
"EL-2011",0,0,9,0,55,106,358,0,0,102,80,1145,580,0
"EL-2012",0,0,9,0,35,148,500,1,0,253,79,1319,574,0
"EL-2013",0,0,4,0,95,6,167,10,0,117,214,1130,188,0
"EL-2014",0,0,36,0,439,479,211,0,0,56,159,1093,80,0
"EL-2015",0,0,116,0,473,359,160,0,0,26,531,1187,102,0
"EL-2016",0,0,63,0,664,330,163,0,0,74,244,1102,87,0
"EL-2017",0,0,27,0,281,21,124,0,0,85,39,1037,44,0
"EL-2018",0,0,48,0,363,185,293,0,0,71,5,334,282,0
"EL-2019",0,0,110,0,839,641,390,0,0,18,16,634,453,0
"EL-2021",0,0,55,0,126,9,168,0,0,32,221,183,165,0
"EL-2022",0,0,77,0,390,76,333,0,0,49,11,569,62,0
"EL-2023",0,0,76,0,283,179,602,1,0,48,30,673,170,0
"HE-1992",0,0,0,0,0,6,0,0,0,501,0,235,261,0
"HE-1993",0,0,0,0,0,5,0,0,0,276,0,124,194,0
"HE-1994",0,0,0,0,0,12,0,2,0,388,0,568,202,0
"HE-1998",0,0,7,0,0,4,0,1,0,79,105,1034,260,0
"HE-1999",0,0,0,0,0,2,0,0,0,22,31,324,40,0
"HE-2000",0,0,0,0,0,14,0,0,0,65,39,324,116,0
"HE-2001",0,0,0,0,0,51,0,2,0,294,784,32,506,0
"HE-2002",0,0,3,0,1,165,0,12,0,463,628,820,985,0
"HE-2003",0,0,0,0,0,14,0,3,0,188,0,1047,273,0
"HE-2004",0,0,0,0,0,8,0,1,0,88,580,1818,490,0
"HE-2005",0,0,0,0,0,3,0,2,1,363,130,621,378,0
"HE-2006",0,0,0,0,0,5,0,1,0,61,39,89,190,0
"HE-2007",0,0,0,0,0,73,0,1,0,554,325,331,459,0
"HE-2009",0,0,0,0,0,15,0,0,0,120,157,1074,254,0
"HE-2010",0,0,0,0,0,19,0,4,0,139,549,1092,291,0
"HE-2011",0,0,0,0,0,69,0,1,0,224,23,1129,288,0
"HE-2012",0,0,0,0,0,18,0,0,0,85,487,1353,169,0
"HE-2013",0,0,0,0,0,37,0,1,0,540,100,591,376,0
"HE-2014",0,0,0,0,0,25,0,3,0,165,249,516,312,0
"HE-2015",0,0,0,0,0,26,0,5,0,182,419,1079,432,0
"HE-2016",0,0,0,0,0,8,0,1,0,88,104,992,244,0
"HE-2017",0,0,0,0,0,3,0,1,0,40,13,1804,138,0
"HE-2018",0,0,0,0,0,12,0,1,0,35,6,423,172,0
"HE-2019",0,0,0,0,0,3,0,3,0,23,19,37,141,0
"LA-1992",0,0,2,0,0,0,23,0,0,69,0,264,235,0
"LA-1993",0,0,10,0,0,3,68,0,0,64,0,265,142,0
"LA-1994",0,0,9,0,0,22,78,6,0,142,0,463,410,0
"LA-1995",0,0,0,0,0,2,56,0,0,40,0,139,71,0
"LA-1996",0,0,4,0,0,41,363,34,0,149,0,408,662,0
"LA-1997",0,0,7,0,0,5,80,1,0,52,0,476,187,0
"LA-1998",0,0,2,0,0,16,54,13,0,60,58,668,387,0
"LA-1999",0,0,0,0,0,30,30,14,0,25,41,787,474,0
"LA-2001",0,0,23,0,0,32,89,19,0,105,203,844,760,0
"LA-2002",0,0,9,0,0,12,65,20,0,111,65,1250,958,0
"LA-2003",0,0,0,0,0,8,39,18,0,33,73,1029,786,0
"LA-2004",0,0,0,0,0,1,25,9,0,33,356,972,404,0
"LA-2005",0,0,0,0,0,2,8,11,0,52,21,556,509,0
"LA-2006",0,0,0,0,0,4,31,9,0,24,160,771,482,0
"LA-2007",0,0,6,0,0,1,23,12,0,50,91,587,514,0
"LA-2008",0,0,47,0,1,3,30,26,0,54,39,636,1001,0
"LA-2009",0,0,0,0,0,0,33,20,0,11,95,413,656,0
"LA-2010",0,0,4,0,0,3,31,12,0,17,60,625,341,0
"LA-2011",0,0,2,0,0,5,19,24,0,42,78,1161,606,0
"LA-2012",0,0,3,0,0,2,35,17,0,73,81,1015,789,0
"LA-2013",0,0,1,0,0,0,30,8,0,46,34,464,559,0
"LA-2014",0,0,0,0,0,2,15,11,0,36,30,655,646,0
"LA-2015",0,0,0,0,0,0,37,19,0,19,13,830,1003,0
"LA-2016",0,0,3,0,0,2,63,20,0,45,62,804,2065,0
"LA-2017",0,0,4,0,0,0,77,16,0,38,77,1066,1922,0
"LA-2018",0,0,7,0,0,1,60,23,0,28,26,593,1597,0
"LA-2019",75,0,17,0,0,1,59,8,0,32,24,566,1076,0
"LA-2021",130,0,23,0,0,0,97,22,0,15,95,627,2086,0
"LA-2023",467,0,24,0,0,0,133,4,0,7,57,641,1135,14
"LO-1992",0,0,0,0,0,1,3,0,0,1168,0,273,709,0
"LO-1993",0,0,0,0,0,1,0,3,0,546,0,438,391,0
"LO-1994",0,0,0,0,0,1,1,8,1,797,0,1023,1151,0
"LO-1998",0,0,0,0,0,31,0,1,0,200,1357,1107,386,0
"LO-1999",0,0,0,0,0,2,0,1,3,180,393,940,420,0
"LO-2002",0,0,7,0,0,0,0,13,3,296,1042,893,796,0
"LO-2003",0,0,0,1,0,14,0,3,0,98,588,952,0,0
"LO-2004",0,0,0,0,0,19,0,0,0,157,1111,1619,412,0
"LO-2005",0,0,0,0,1,6,0,1,0,252,705,516,342,0
"LO-2007",0,0,1,0,0,10,1,3,0,258,1143,293,621,0
"LO-2008",0,0,0,0,0,24,0,2,2,205,589,557,566,0
"LO-2009",0,0,0,0,0,66,0,0,4,199,726,816,258,0
"LO-2010",0,0,0,0,0,8,0,3,0,271,1131,874,495,0
"LO-2011",0,0,0,0,0,43,0,1,0,116,1266,1172,379,0
"LO-2012",0,0,0,0,0,15,0,4,6,327,1998,1405,288,0
"LO-2013",0,0,0,0,0,26,0,2,4,100,103,575,245,0
"LO-2014",0,0,0,0,0,2,0,2,1,71,53,210,66,0
"LO-2015",0,0,0,0,0,9,0,2,0,135,1060,788,123,0
"LO-2016",0,0,0,0,0,4,0,0,0,84,311,1026,64,0
"LO-2017",0,0,0,0,0,0,0,1,0,37,2,530,60,0
"LO-2019",0,0,0,0,0,1,0,3,3,59,32,596,206,0
"LO-2021",0,0,0,0,0,0,0,0,0,64,313,314,158,0
"MA-1992",0,0,1,0,0,11,157,0,0,532,0,1040,58,0
"MA-1993",0,0,0,0,0,0,273,0,0,223,0,990,522,0
"MA-1994",0,0,2,0,0,253,174,0,0,202,0,1680,156,0
"MA-1998",0,0,0,0,0,9,1186,1,0,99,18,837,774,0
"MA-1999",0,0,2,0,0,6,171,2,0,4,19,777,235,0
"MA-2001",0,0,0,0,219,64,1852,1,0,106,792,1082,1225,0
"MA-2002",0,0,1,0,2,127,126,0,0,27,296,1082,97,0
"MA-2003",0,0,0,0,2,19,116,1,1,51,428,1812,502,0
"MA-2004",0,0,0,0,0,57,80,0,0,6,193,2316,42,0
"MA-2005",0,0,0,0,0,7,575,0,0,92,464,877,799,0
"MA-2007",0,0,1,0,0,2,160,0,0,55,380,554,646,0
"MA-2008",0,0,40,0,105,202,53,1,0,19,124,551,408,0
"MA-2009",0,0,0,0,0,48,180,1,0,72,353,1313,699,0
"MA-2010",0,0,0,0,1,11,586,0,0,111,133,1221,1418,0
"MA-2011",0,0,0,0,4,28,97,0,0,48,86,1854,530,0
"MA-2013",0,0,0,0,0,5,116,2,0,60,195,1206,238,0
"MA-2014",0,0,0,0,0,30,174,1,0,36,56,1122,318,0
"MA-2015",0,0,0,0,0,4,249,3,0,27,824,1613,1111,0
"MA-2016",0,0,1,0,0,4,86,0,0,50,89,1315,1307,0
"MA-2017",0,0,0,0,0,7,85,0,0,28,32,1168,333,0
"MA-2019",0,0,0,0,0,5,97,0,0,30,10,824,583,0
"MA-2021",0,0,1,0,0,0,27,0,0,28,302,1275,391,0
"MA-2022",0,0,0,0,0,0,55,1,0,55,14,1774,424,0
"MA-2023",0,0,0,0,0,0,170,0,0,20,116,1581,580,0
"MA-2024",0,0,0,0,0,7,314,3,2,111,138,1616,2223,0
"RU-1992",0,0,0,0,0,3,0,4,12,272,0,25,114,0
"RU-1993",0,0,6,0,0,0,0,0,0,177,0,11,84,0
"RU-2001",0,0,1,0,0,1,0,0,0,93,14,14,83,0
"RU-2003",0,0,0,0,0,21,0,1,0,90,3,59,22,0
"SE-1992",0,0,35,0,0,0,4,2,0,286,0,339,128,0
"SE-1993",0,0,156,0,0,5,44,1,0,377,0,463,551,0
"SE-1994",0,0,169,0,0,4,35,0,0,312,0,1593,386,0
"SE-1995",0,0,62,0,0,1,30,0,0,181,0,617,309,0
"SE-1996",0,0,35,0,0,0,230,12,0,494,0,267,514,0
"SE-1997",0,0,1,0,0,6,35,3,0,236,0,873,237,0
"SE-1998",0,0,147,0,0,0,15,9,0,165,143,1069,488,0
"SE-1999",0,0,50,0,0,2,60,6,0,92,199,1316,487,0
"SE-2000",0,0,118,0,9,324,29,15,0,122,299,671,468,0
"SE-2001",0,0,97,0,0,0,22,5,0,172,692,1891,668,0
"SE-2002",0,0,195,0,0,2,4,2,0,90,256,1708,335,0
"SE-2003",0,0,215,0,0,5,14,3,0,105,495,1708,453,0
"SE-2004",0,0,6,0,3,1,22,3,0,97,912,1506,139,0
"SE-2005",0,0,19,0,0,0,4,6,0,163,279,1248,534,0
"SE-2006",0,0,33,0,14,9,15,0,0,130,467,1128,612,0
"SE-2008",0,0,38,0,0,5,9,5,0,57,146,622,601,0
"SE-2009",0,0,115,0,5,0,18,25,0,112,419,1464,1238,0
"SE-2010",0,0,47,0,0,5,23,9,0,149,332,1243,651,0
"SE-2011",0,0,27,0,0,3,60,16,0,219,856,2149,497,0
"SE-2012",0,0,52,0,0,0,24,5,0,272,305,1074,403,0
"SE-2013",0,0,24,0,0,0,19,7,0,132,239,1126,232,0
"SE-2014",0,0,73,0,0,0,15,7,0,121,166,1196,593,0
"SE-2015",0,0,32,0,0,0,9,6,0,81,334,1206,532,0
"SE-2016",0,0,20,0,0,0,18,3,0,64,178,1175,438,0
"SE-2017",0,0,24,0,0,0,26,0,0,49,193,1217,261,0
"SE-2018",0,0,59,0,0,0,46,5,0,122,137,639,417,0
"SE-2019",260,0,25,0,0,0,21,2,0,26,55,527,190,0
"SE-2021",270,0,27,0,0,0,6,0,0,41,58,540,150,0
"SE-2023",212,0,52,0,0,0,49,0,0,49,24,132,180,4
"SF-1992",0,0,63,0,0,1,1,2,0,1257,0,1041,368,0
"SF-1993",0,0,81,0,0,7,4,1,0,730,0,1919,409,0
"SF-1994",0,0,3,0,0,282,21,0,0,388,0,4017,369,0
"SF-1995",0,0,8,0,0,3,15,0,0,416,0,1129,352,0
"SF-1996",0,0,6,0,0,0,12,0,0,280,0,780,351,0
"SF-1997",0,0,9,0,40,4,56,0,0,534,0,1655,367,0
"SF-1998",0,0,12,0,0,4,45,1,0,269,61,1703,276,0
"SF-1999",0,0,6,0,0,26,18,1,0,53,44,2371,474,0
"SF-2000",0,0,2,0,0,73,20,3,0,107,177,1290,290,0
"SF-2001",0,0,19,0,8,14,76,2,0,159,1325,1678,1782,0
"SF-2002",0,0,18,0,0,4,12,8,0,37,536,1779,151,0
"SF-2003",0,0,22,0,0,19,49,1,0,294,1242,2608,741,0
"SF-2004",0,0,16,0,3,6,14,3,0,407,859,2489,524,0
"SF-2005",0,0,8,0,0,19,14,3,0,299,450,1784,279,0
"SF-2008",0,0,46,0,1,9,3,0,0,230,138,544,17,0
"SF-2009",0,0,21,0,0,6,10,7,0,184,499,1113,34,0
"SF-2010",0,0,57,0,0,1,19,6,0,466,378,1052,36,0
"SF-2011",0,0,10,0,0,19,16,1,0,141,650,1618,26,0
"SF-2012",0,0,11,0,0,3,9,3,0,402,1015,1211,19,0
"SF-2013",0,0,6,0,2,4,2,4,0,411,712,1051,11,0
"SF-2014",0,0,9,0,0,3,2,1,0,101,211,199,14,0
"SF-2015",0,0,152,0,0,0,1,0,0,136,780,939,111,0
"SF-2016",0,0,85,0,0,1,2,0,0,177,496,1537,109,0
"SF-2017",0,0,85,0,0,0,31,2,0,50,128,1553,204,0
"SF-2018",0,0,83,0,0,0,24,0,0,47,85,1098,156,0
"SF-2019",0,0,157,0,0,0,40,0,0,82,159,1875,237,0
"SF-2021",0,0,348,0,0,1,49,1,0,122,379,816,518,0
"SF-2022",0,0,245,36,0,50,128,0,0,55,99,2044,60,0
"SF-2023",0,0,118,28,0,3,161,0,0,54,282,1817,23,4
"SF-2024",0,0,355,13,0,5,441,0,0,137,261,2310,7,3
"SU-1992",0,0,3,0,0,2,0,0,164,412,0,732,1245,0
"SU-1994",0,0,7,0,0,151,0,0,1,367,0,769,1782,0
"SU-2002",0,0,67,0,0,19,0,0,0,104,214,588,1143,0
"SU-2004",0,0,0,0,0,5,0,0,1,75,50,2086,25,0
"SU-2005",0,0,0,0,9,205,0,3,0,330,528,331,1871,0
"SU-2007",0,0,4,0,10,3,0,0,0,483,559,396,2965,0
"SU-2008",0,0,3,0,1,4,0,0,0,118,152,514,1353,0
"SU-2009",0,0,0,0,15,43,0,0,0,262,76,1046,2820,0
"SU-2010",0,0,0,0,3,17,0,0,6,126,280,694,2098,0
"SU-2011",0,0,0,0,62,66,0,0,2,129,25,1256,1173,0
"SU-2012",0,0,0,0,94,115,0,0,0,247,66,2397,1416,0
"SU-2014",0,0,0,0,7,12,0,0,1,105,245,424,365,0
"SU-2015",0,0,0,0,85,12,0,0,1,134,544,765,1004,0
"SU-2016",0,0,0,0,71,8,0,0,0,109,275,550,1586,0
"SU-2019",0,0,0,0,4,0,0,2,0,29,81,564,462,0
"VA-1992",0,0,291,0,0,31,112,0,0,665,0,1049,783,0
"VA-1993",0,0,364,0,0,61,246,0,0,383,0,892,1091,0
"VA-1994",0,0,84,0,0,67,229,0,0,17,0,1944,338,0
"VA-1998",0,0,590,5,75,121,834,1,0,329,53,1138,3667,0
"VA-1999",0,0,236,0,13,12,188,0,0,57,49,1562,1021,0
"VA-2000",0,0,126,0,26,161,428,0,0,144,413,1046,2207,0
"VA-2001",0,0,1354,0,0,255,210,2,1,259,255,1577,2786,0
"VA-2002",0,0,1558,520,221,60,105,0,0,91,551,3239,820,0
"VA-2003",0,0,356,384,232,82,60,2,0,150,337,3152,570,0
"VA-2004",0,0,416,142,106,98,49,4,0,73,171,4577,574,0
"VA-2005",0,0,256,69,149,494,530,5,0,264,1944,2712,1944,0
"VA-2006",0,0,757,11,136,574,1075,1,0,380,583,2168,1270,0
"VA-2007",0,0,258,2,116,131,506,7,0,772,2500,2923,2134,0
"VA-2008",0,0,211,5,106,289,504,3,0,444,2328,2799,2133,0
"VA-2009",0,0,252,3,63,126,257,4,0,316,1075,3662,1293,0
"VA-2010",0,0,85,11,23,43,270,1,0,336,1127,2938,1009,0
"VA-2011",0,0,286,66,49,684,518,11,0,191,1018,5039,1225,0
"VA-2012",0,0,247,4,76,40,452,5,0,280,658,3667,1742,0
"VA-2013",0,0,125,24,13,66,25,24,0,62,299,3568,953,0
"VA-2014",0,0,123,3,43,361,216,1,0,55,237,2133,620,0
"VA-2015",0,0,215,5,135,133,32,3,0,42,553,2670,365,0
"VA-2016",0,0,478,93,219,94,142,0,0,85,396,1881,945,0
"VA-2017",0,0,311,0,85,28,161,0,0,17,26,1526,448,0
"VA-2018",0,0,308,5,58,44,193,0,0,37,133,1410,978,0
"VA-2019",0,2,238,0,332,66,334,3,0,27,63,1219,1265,0
"VA-2021",0,0,109,0,31,75,27,0,0,41,222,1215,460,0
"WC-1992",0,0,0,0,0,15,0,8,0,177,0,502,23,0
"WC-1993",0,0,0,0,0,14,0,10,0,383,0,518,28,0
"WC-1994",0,0,0,0,0,52,0,14,0,362,0,928,95,0
"WC-2001",0,0,0,0,0,35,1,4,0,68,39,513,15,0
"WC-2002",0,0,0,0,0,0,0,5,0,65,24,853,6,0
"WC-2003",0,0,0,0,0,0,0,5,0,135,281,997,206,0
"WC-2004",0,0,0,0,0,30,0,4,0,68,173,1039,13,0
"WC-2005",0,0,0,0,0,82,0,3,7,84,90,1018,24,0
"WC-2006",0,0,0,0,0,10,0,0,0,34,14,652,4,0
"WC-2008",0,0,0,0,0,20,0,7,0,31,2,541,4,0
"WC-2009",0,0,0,0,0,16,0,1,0,1,16,1248,11,0
"WC-2010",0,0,0,0,0,7,0,3,0,48,49,791,16,0
"WC-2011",0,0,0,0,0,6,0,0,0,69,58,2164,16,0
"WC-2012",0,0,0,0,0,13,0,27,0,224,56,1171,41,0
"WC-2013",0,0,0,0,0,0,0,11,0,64,31,1593,38,0
"WC-2014",0,0,0,0,0,3,0,3,0,16,23,756,19,0
"WC-2015",0,0,2,0,0,0,0,2,0,12,272,889,84,0
"WC-2016",0,0,0,0,0,0,0,16,0,156,182,322,1427,0
"WC-2019",0,0,0,0,0,0,0,22,0,92,3,534,1570,0
