"Ptagis_ID","Year","NLCD_11","NLCD_12","NLCD_21","NLCD_22","NLCD_23","NLCD_24","NLCD_31","NLCD_41","NLCD_42","NLCD_43","NLCD_51","NLCD_52","NLCD_71","NLCD_81","NLCD_82","NLCD_90","NLCD_95"
"BEARVC",1992,0.000279278,0,0.00710455,0.001335083,4.54e-06,0,0.000242949,1.36e-05,0.611976695,4.54e-06,0,0.16219217,0.152792095,0,0,0.023068784,0.040985691
"BEARVC",1993,0.000252031,0,0.007143149,0.001337354,4.54e-06,0,0.000238408,9.08e-06,0.602662901,4.54e-06,0,0.160325778,0.163976822,0,0,0.022996126,0.041049266
"BEARVC",1994,0.000267925,0,0.007177207,0.001337354,4.54e-06,0,0.000236137,2.27e-06,0.602633383,4.54e-06,0,0.177731812,0.146568518,0,0,0.022834917,0.041201393
"BEARVC",1997,0.000299713,0,0.007263488,0.001337354,4.54e-06,0,0.000231596,2.27e-06,0.602828651,2.27e-06,0,0.223276766,0.100712498,0,0,0.022750907,0.041289945
"BEARVC",1998,0.000306524,0,0.007281653,0.001339624,4.54e-06,0,0.000227055,2.27e-06,0.60249488,2.27e-06,0,0.239804097,0.084489422,0,0,0.022757719,0.041289945
"BEARVC",1999,0.000274737,0,0.007363392,0.001346436,4.54e-06,0,0.000215702,2.27e-06,0.601747869,2.27e-06,0,0.249260936,0.075720559,0,0,0.022773613,0.041287674
"BEARVC",2000,0.000256572,0,0.007429238,0.001350977,4.54e-06,0,0.000213432,2.27e-06,0.599495484,2.27e-06,0,0.257716463,0.069458383,0,0,0.022755448,0.041314921
"BEARVC",2001,0.000245219,0,0.007442862,0.001350977,4.54e-06,0,0.000213432,2.27e-06,0.599822443,2.27e-06,0,0.263451871,0.063391475,0,0,0.022496606,0.041576034
"BEARVC",2002,0.000252031,0,0.007417886,0.001394117,4.54e-06,0,0.000213432,2.27e-06,0.601314194,2.27e-06,0,0.272309285,0.053024145,0,0,0.02251477,0.041551058
"BEARVC",2003,0.000261113,0,0.007420156,0.00140547,4.54e-06,0,0.000213432,2.27e-06,0.602472174,2.27e-06,0,0.282933187,0.041215017,0,0,0.02251477,0.041555599
"BEARVC",2004,0.000261113,0,0.00743605,0.001416823,4.54e-06,0,0.000213432,2.27e-06,0.595272262,0,0,0.287038341,0.04428707,0,0,0.022482982,0.041585116
"BEARVC",2005,0.000256572,0,0.007633588,0.001319189,0,0,0.000213432,2.27e-06,0.580995046,0,0,0.287412981,0.058105635,0,2.27e-06,0.022437571,0.041621445
"BEARVC",2006,0.000283819,0,0.007688081,0.001310107,0,0,0.000211161,2.27e-06,0.524095072,0,0,0.285160596,0.117183065,0,2.27e-06,0.022435301,0.041628257
"BEARVC",2007,0.000261113,0,0.007604071,0.001369141,0,0,0.000208891,2.27e-06,0.429678808,0,0,0.26295235,0.233875692,0,2.27e-06,0.02234902,0.041696373
"BEARVC",2008,0.000274737,0,0.007590447,0.001396388,0,0,0.000208891,2.27e-06,0.408889656,0,0,0.261860216,0.255747896,0,2.27e-06,0.022321773,0.041705455
"BEARVC",2009,0.000286089,0,0.007615423,0.001419094,0,0,0.000208891,2.27e-06,0.408213032,0,0,0.259171885,0.259051546,0,2.27e-06,0.022319503,0.041709996
"BEARVC",2010,0.000270195,0,0.007635858,0.001425905,2.27e-06,0,0.000208891,2.27e-06,0.395938441,0,0,0.258050234,0.272416001,0,2.27e-06,0.022417136,0.041630527
"BEARVC",2011,0.000270195,0,0.007835667,0.001296484,0,0,0.000208891,2.27e-06,0.373553092,0,0,0.257087521,0.2956687,0,6.81e-06,0.022426218,0.04164415
"BEARVC",2012,0.000281548,0,0.007899242,0.001285131,0,0,0.000208891,2.27e-06,0.371198532,0,0,0.259778122,0.295248648,0,6.81e-06,0.022437571,0.041653233
"BEARVC",2013,0.000274737,0,0.007978711,0.001253343,0,0,0.000208891,2.27e-06,0.372856034,0,0,0.261828428,0.291488618,0,6.81e-06,0.022453465,0.041648691
"BEARVC",2014,0.000272466,0,0.008026393,0.001251073,2.27e-06,0,0.000208891,2.27e-06,0.37978121,0,0,0.259255895,0.287095104,0,6.81e-06,0.022542017,0.041555599
"BEARVC",2015,0.000272466,0,0.008080886,0.001221556,0,0,0.000208891,2.27e-06,0.377696845,0,0,0.270837969,0.277565608,0,6.81e-06,0.022562451,0.041544246
"BEARVC",2016,0.000272466,0,0.007819773,0.00119658,0,0,0.000215702,2.27e-06,0.300595792,0,0,0.286286789,0.339513013,0,9.08e-06,0.022532934,0.041555599
"BEARVC",2017,0.000299713,0,0.007361122,0.001167062,0,0,0.000229326,2.27e-06,0.233607767,0,0,0.319554881,0.373757442,0,9.08e-06,0.022455736,0.041555599
"BEARVC",2018,0.000274737,0,0.007302088,0.001135275,0,0,0.000229326,2.27e-06,0.208752061,0,0,0.403217823,0.31504784,0,6.81e-06,0.022435301,0.041596469
"BEARVC",2019,0.000272466,0,0.00731117,0.001123922,0,0,0.000229326,2.27e-06,0.208513653,0,0,0.426892844,0.291595334,0,6.81e-06,0.022458006,0.041594198
"BEARVC",2021,0.000233867,0,0.007372475,0.001103487,0,0,0.000224784,2.27e-06,0.212253248,0,0,0.465853204,0.248777309,0,6.81e-06,0.022519311,0.041653233
"BEARVC",2022,0.000256572,0,0.00739291,0.001105758,0,0,0.000224784,2.27e-06,0.21527535,0,0,0.485427613,0.226085436,0,9.08e-06,0.022657815,0.041562411
"BEARVC",2023,0.000256572,0,0.007426968,0.001108028,0,0,0.000224784,2.27e-06,0.217357444,4.54e-06,0,0.515669063,0.193682423,2.27e-06,1.14e-05,0.02272366,0.041530623
"BIG2C",1992,0.000418101,0.000140205,0.000320649,0.000343912,2.26e-05,0,0.00806589,3.14e-06,0.738962292,0,0,0.155988746,0.091916191,6.29e-07,6.29e-07,0.00361956,0.000197419
"BIG2C",1993,0.000412442,0.000140205,0.000320649,0.000343912,2.26e-05,0,0.008064633,3.14e-06,0.739100611,0,0,0.154965184,0.092800805,6.29e-07,6.29e-07,0.003627104,0.000197419
"BIG2C",2001,0.000399239,0.000140205,0.000355857,0.000352714,2.33e-05,0,0.008009934,6.29e-07,0.539452696,0,0,0.175177379,0.272198174,6.29e-07,6.29e-07,0.003677402,0.000211251
"BIG2C",2002,0.000411185,0.000140205,0.000357744,0.000363402,2.51e-05,0,0.008004904,6.29e-07,0.538255607,0,0,0.177780921,0.270767828,6.29e-07,6.29e-07,0.003679288,0.00021188
"BIG2C",2003,0.000430675,0.000140205,0.000359001,0.000370947,2.51e-05,0,0.008001132,6.29e-07,0.53485673,6.29e-07,0,0.179774603,0.272141588,6.29e-07,1.26e-06,0.003686833,0.000209994
"BIG2C",2004,0.00041873,0.000140205,0.000355857,0.000372833,2.83e-05,0,0.008000503,6.29e-07,0.525799972,6.29e-07,0,0.180959117,0.280005659,1.26e-06,1.89e-06,0.003704437,0.000209994
"BIG2C",2005,0.000418101,0.000140205,0.000358372,0.000375348,2.83e-05,0,0.007999874,6.29e-07,0.524899011,6.29e-07,0,0.183506075,0.278338913,1.26e-06,1.89e-06,0.003720784,0.000210622
"BIG2C",2006,0.000423131,0.000140205,0.000361516,0.00037912,2.83e-05,0,0.00800176,6.29e-07,0.500029864,6.29e-07,0,0.184007167,0.302659814,1.26e-06,1.89e-06,0.003748448,0.000216281
"BIG2C",2007,0.00040867,0.000140205,0.000360258,0.000382892,2.89e-05,0,0.008008048,1.26e-06,0.485824492,6.29e-07,0,0.189058959,0.311781959,1.26e-06,1.89e-06,0.003784285,0.000216281
"BIG2C",2008,0.000410556,0.000140205,0.000361516,0.000391066,3.14e-05,0,0.008007419,1.89e-06,0.455740086,6.29e-07,0,0.196284874,0.334592037,1.26e-06,1.89e-06,0.003815093,0.000220053
"BIG2C",2009,0.000410556,0.000140205,0.00034957,0.000407413,3.4e-05,0,0.008008676,1.89e-06,0.451926251,6.29e-07,0,0.219437607,0.315198441,1.26e-06,1.89e-06,0.003860361,0.000221311
"BIG2C",2010,0.000401754,0.000140205,0.000345169,0.000414957,3.58e-05,0,0.008008676,2.51e-06,0.45278823,6.29e-07,0,0.286924758,0.246801528,1.26e-06,1.89e-06,0.003913173,0.000219424
"BIG2C",2011,0.000416843,0.000140205,0.000346426,0.000415586,4.65e-05,0,0.008008676,2.51e-06,0.453562817,6.29e-07,0,0.352970874,0.179942472,6.29e-07,2.51e-06,0.003926377,0.00021691
"BIG2C",2012,0.000393581,0.000140205,0.000352714,0.000419987,4.46e-05,0,0.008012449,3.77e-06,0.451032206,6.29e-07,0,0.361085805,0.174339919,6.29e-07,3.14e-06,0.003951525,0.000218796
"BIG2C",2013,0.000416215,0.000140205,0.000359001,0.000417472,4.46e-05,0,0.008020622,4.4e-06,0.444394775,6.29e-07,0,0.362334449,0.179671492,6.29e-07,3.14e-06,0.003972902,0.000219424
"BIG2C",2014,0.0004137,0.000140205,0.000360887,0.000419358,4.4e-05,0,0.008047028,5.66e-06,0.440631238,6.29e-07,0,0.36742585,0.178315336,6.29e-07,3.14e-06,0.003971645,0.000220682
"BIG2C",2015,0.000389808,0.000140205,0.000366546,0.000421245,4.34e-05,0,0.008054573,6.29e-06,0.442490373,6.29e-07,0,0.3746744,0.169187532,6.29e-07,3.14e-06,0.004000566,0.000220682
"BIG2C",2016,0.000400497,0.000140205,0.000369689,0.000422502,4.21e-05,0,0.008087267,6.92e-06,0.443535939,6.29e-07,0,0.398065419,0.144687446,6.29e-07,3.77e-06,0.004015026,0.000221939
"BIG2C",2017,0.000457711,0.000140205,0.000369061,0.000424388,4.15e-05,0,0.008129391,6.92e-06,0.436502413,1.26e-06,0,0.408249477,0.141412427,6.29e-07,3.14e-06,0.004038289,0.000223197
"BIG2C",2018,0.000423131,0.000140205,0.00037409,0.000423131,4.15e-05,0,0.008145738,6.92e-06,0.428721334,1.26e-06,0,0.419035853,0.138390783,1.26e-06,3.14e-06,0.004069097,0.000222568
"BIG2C",2019,0.000425017,0.000140205,0.000376605,0.000422502,4.09e-05,0,0.008605335,6.92e-06,0.429015577,1.26e-06,0,0.433961113,0.122672702,1.26e-06,3.77e-06,0.004103676,0.000223197
"BIGC",1992,0.002311823,0.00073332,0.00206324,0.000981903,1.24e-05,0,0.044409367,0,0.652045839,0,0,0.1978597,0.08328776,0,0,0.015797455,0.000497166
"BIGC",1993,0.002224819,0.00073332,0.00206324,0.000981903,1.24e-05,0,0.044434225,0,0.652356568,0,0,0.197648404,0.083275331,0,0,0.015772596,0.000497166
"BIGC",1994,0.00219996,0.00073332,0.002088098,0.000994332,1.24e-05,0,0.044583375,0,0.652630009,0,0,0.197225813,0.083362335,0,0,0.015673163,0.000497166
"BIGC",1998,0.002436114,0.00073332,0.002100527,0.001006761,1.24e-05,0,0.04465795,0,0.652679726,0,0,0.196579497,0.083623347,0,0,0.015673163,0.000497166
"BIGC",1999,0.002373968,0.00073332,0.002075669,0.00103162,1.24e-05,0,0.044645521,0,0.652692155,0,0,0.196554639,0.083710351,0,0,0.015673163,0.000497166
"BIGC",2002,0.002224819,0.00073332,0.002088098,0.001056478,1.24e-05,0,0.044620662,0,0.653624341,0,0,0.195734314,0.083747638,0,0,0.015772596,0.000385304
"BIGC",2003,0.002336681,0.00073332,0.002088098,0.001056478,1.24e-05,0,0.044620662,0,0.654009645,1.24e-05,0,0.195237148,0.083747638,0,0,0.015760167,0.000385304
"BIGC",2004,0.002249677,0.00073332,0.002088098,0.001056478,1.24e-05,0,0.044620662,0,0.654730536,1.24e-05,0,0.194652978,0.083710351,0,0,0.015747738,0.000385304
"BIGC",2005,0.00219996,0.00073332,0.002075669,0.001081336,1.24e-05,0,0.044620662,0,0.655637864,1.24e-05,0,0.193807796,0.083673064,0,0,0.015760167,0.000385304
"BIGC",2006,0.002299393,0.00073332,0.00206324,0.001093766,1.24e-05,0,0.044707666,0,0.656184747,1.24e-05,0,0.193037188,0.08372278,0,0,0.015747738,0.000385304
"BIGC",2007,0.00219996,0.00073332,0.00206324,0.001093766,1.24e-05,0,0.044757383,0,0.657725962,1.24e-05,0,0.191558119,0.08372278,0,0,0.015735309,0.000385304
"BIGC",2008,0.002212389,0.00073332,0.00205081,0.001118624,1.24e-05,0,0.044757383,0,0.658160982,1.24e-05,0,0.191085811,0.08372278,0,0,0.015747738,0.000385304
"BIGC",2009,0.00234911,0.00073332,0.002013523,0.001155911,1.24e-05,0,0.044744954,0,0.65893159,1.24e-05,0,0.190178483,0.083747638,0,0,0.015735309,0.000385304
"BIGC",2010,0.002162673,0.00073332,0.001988665,0.00118077,1.24e-05,0,0.044757383,0,0.660186934,1.24e-05,0,0.189072288,0.083772497,0,0,0.015735309,0.000385304
"BIGC",2011,0.002224819,0.00073332,0.001988665,0.00118077,1.24e-05,0,0.044757383,0,0.660447947,1.24e-05,0,0.188587551,0.083921647,0,0,0.015747738,0.000385304
"BIGC",2012,0.002088098,0.00073332,0.002013523,0.00118077,1.24e-05,0,0.044757383,0,0.661056975,1.24e-05,0,0.187928806,0.083958934,0,0,0.015872029,0.000385304
"BIGC",2013,0.002187531,0.00073332,0.002013523,0.00118077,1.24e-05,0,0.044757383,0,0.661964303,1.24e-05,0,0.186909615,0.083958934,0,0,0.015884459,0.000385304
"BIGC",2014,0.002224819,0.00073332,0.002013523,0.00118077,1.24e-05,0,0.044894104,0,0.662237745,1.24e-05,0,0.186462166,0.083958934,0,0,0.015884459,0.000385304
"BIGC",2015,0.002125385,0.00073332,0.002013523,0.001193199,1.24e-05,0,0.044956249,0,0.662908919,1.24e-05,0,0.185654271,0.084058367,0,0,0.015946604,0.000385304
"BIGC",2016,0.002212389,0.00073332,0.002038381,0.001193199,0,0,0.044993537,0,0.663095356,1.24e-05,0,0.185293825,0.084095655,0,0,0.015946604,0.000385304
"BIGC",2017,0.002448543,0.00073332,0.00205081,0.00118077,0,0,0.045142687,0,0.66304564,1.24e-05,0,0.184908521,0.084145371,0,0,0.015946604,0.000385304
"BIGC",2018,0.002336681,0.00073332,0.00205081,0.001193199,0,0,0.045192403,0,0.662908919,1.24e-05,0,0.185057671,0.084195088,0,0,0.015934175,0.000385304
"BIGC",2019,0.00234911,0.00073332,0.00206324,0.00118077,0,0,0.049033012,0,0.660087501,1.24e-05,0,0.184722084,0.083486626,0,0,0.015946604,0.000385304
"BIGC",2021,0.002224819,0.00073332,0.002075669,0.00116834,1.24e-05,0,0.049095158,0,0.660298797,1.24e-05,0,0.184548076,0.083499055,0,0,0.015946604,0.000385304
"CAMASC",1992,0.00022658,0.000136697,0.001505539,0.000850143,3.93e-05,0,0.004956669,2.25e-05,0.784599309,0,0,0.178984997,0.027610912,0,0,0.001022418,4.49e-05
"CAMASC",1993,0.00023407,0.000136697,0.001505539,0.000850143,3.93e-05,0,0.004956669,2.25e-05,0.784653614,0,0,0.178956909,0.027577206,0,0,0.001022418,4.49e-05
"CAMASC",1994,0.000213472,0.000136697,0.001505539,0.000852015,3.93e-05,0,0.004956669,2.25e-05,0.784747242,0,0,0.178898859,0.027560353,0,0,0.001022418,4.49e-05
"CAMASC",1999,0.000232198,0.000136697,0.00155048,0.000863251,3.93e-05,0,0.004947306,2.43e-05,0.762931906,0,0,0.178425101,0.049780161,0,0,0.001024291,4.49e-05
"CAMASC",2002,0.000230325,0.000136697,0.00155048,0.000870741,3.93e-05,0,0.00492109,2.43e-05,0.751016801,0,0,0.177357742,0.062783225,0,0,0.001024291,4.49e-05
"CAMASC",2003,0.000228452,0.000136697,0.001554226,0.000870741,3.93e-05,0,0.004919218,2.43e-05,0.751134772,0,0,0.177610537,0.062412458,0,0,0.001024291,4.49e-05
"CAMASC",2004,0.000222835,0.000136697,0.001556098,0.000872613,3.93e-05,0,0.004919218,2.62e-05,0.751541118,0,0,0.177485076,0.062131574,0,0,0.001024291,4.49e-05
"CAMASC",2005,0.00022658,0.000136697,0.001572951,0.000874486,3.93e-05,0,0.004919218,2.62e-05,0.752424966,0,0,0.177307182,0.061403147,0,0,0.001024291,4.49e-05
"CAMASC",2006,0.000237815,0.000136697,0.001578569,0.000876359,3.93e-05,0,0.004917345,2.62e-05,0.752426839,0,0,0.180906245,0.05778536,0,0,0.001024291,4.49e-05
"CAMASC",2007,0.000220962,0.000136697,0.001578569,0.000887594,3.93e-05,0,0.004919218,2.62e-05,0.734650618,0,0,0.193246422,0.063225149,0,0,0.001024291,4.49e-05
"CAMASC",2008,0.000235943,0.000136697,0.001567334,0.000904447,4.12e-05,0,0.004930453,2.62e-05,0.649913488,0,0,0.18751264,0.15368108,0,0,0.000983095,6.74e-05
"CAMASC",2009,0.000249051,0.000136697,0.001572951,0.000940026,4.68e-05,0,0.004930453,2.62e-05,0.64698293,0,0,0.185943434,0.158115305,0,0,0.000988712,6.74e-05
"CAMASC",2010,0.00023407,0.000136697,0.001567334,0.000962496,4.68e-05,0,0.004932326,2.62e-05,0.6475241,0,0,0.185329234,0.158178972,0,0,0.000992457,6.93e-05
"CAMASC",2012,0.00022658,0.000136697,0.001580441,0.000968114,5.06e-05,1.87e-06,0.00492109,2.81e-05,0.648385478,0,0,0.195427955,0.147194529,0,0,0.001007438,7.12e-05
"CAMASC",2013,0.000232198,0.000136697,0.001584187,0.000966241,5.24e-05,0,0.004922963,2.81e-05,0.64929367,0,0,0.198689956,0.143011228,0,0,0.001011183,7.12e-05
"CAMASC",2014,0.000228452,0.000136697,0.001591677,0.000968114,5.24e-05,0,0.004919218,2.81e-05,0.650332941,0,0,0.199817238,0.14084093,0,0,0.001013055,7.12e-05
"CAMASC",2015,0.000224707,0.000136697,0.001612275,0.000968114,5.43e-05,0,0.004919218,2.81e-05,0.65174298,0,0,0.200008239,0.139217419,0,0,0.001016801,7.12e-05
"CAMASC",2016,0.000232198,0.000136697,0.001617893,0.000968114,5.62e-05,0,0.00492109,2.81e-05,0.652149326,0,0,0.200888343,0.137912244,0,0,0.001014928,7.49e-05
"CAMASC",2019,0.000228452,0.000136697,0.001657216,0.000958751,5.8e-05,0,0.005070895,3e-05,0.646436142,0,0,0.250934408,0.093397724,0,0,0.001016801,7.49e-05
"CAPEHC",1992,0.002505564,1.27e-05,0.007160572,0.007529412,0.000114467,0,0.002391097,0,0.736597774,0,0,0.145538951,0.080979332,0,0,0.012705882,0.004464229
"CAPEHC",1994,0.002200318,1.27e-05,0.007198728,0.007529412,0.000114467,0,0.002391097,0,0.722098569,0,0,0.145704293,0.095491256,0,0,0.012616852,0.004642289
"CAPEHC",1998,0.002492846,1.27e-05,0.007236884,0.007529412,0.000114467,0,0.002391097,0,0.721882353,0,0,0.145831479,0.095300477,0,0,0.012578696,0.004629571
"CAPEHC",1999,0.00236566,1.27e-05,0.007236884,0.007529412,0.000114467,0,0.002391097,0,0.721958665,0,0,0.145869634,0.095236884,0,0,0.012642289,0.004642289
"CAPEHC",2002,0.002251192,1.27e-05,0.00718601,0.007580286,0.000114467,0,0.00236566,0,0.722009539,0,0,0.152572337,0.088508744,0,0,0.01236248,0.005036566
"CAPEHC",2003,0.002314785,1.27e-05,0.007173291,0.007593005,0.000114467,0,0.00236566,0,0.721831479,0,0,0.161513514,0.079771065,0,0,0.01227345,0.005036566
"CAPEHC",2004,0.00227663,1.27e-05,0.007173291,0.007593005,0.000114467,0,0.00236566,0,0.721767886,0,0,0.16418442,0.077138315,0,0,0.012337043,0.005036566
"CAPEHC",2005,0.002174881,1.27e-05,0.00718601,0.007580286,0.000114467,0,0.00236566,0,0.722060413,0,0,0.165494436,0.07554849,0,0,0.012438792,0.005023847
"CAPEHC",2006,0.002136725,1.27e-05,0.007262321,0.007567568,0.000114467,0,0.00236566,0,0.722581876,0,0,0.165875994,0.074607313,0,0,0.01245151,0.005023847
"CAPEHC",2007,0.002022258,1.27e-05,0.007287758,0.007580286,0.000114467,0,0.00236566,0,0.72291256,0,0,0.166232114,0.073971383,0,0,0.012476948,0.005023847
"CAPEHC",2009,0.002187599,1.27e-05,0.007224165,0.007643879,0.000114467,0,0.002352941,0,0.713704293,0,0,0.166969793,0.082352941,0,0,0.012413355,0.005023847
"CAPEHC",2010,0.002174881,1.27e-05,0.007122417,0.007682035,0.000114467,0,0.002352941,0,0.696050874,0,0,0.166537361,0.100515103,0,0,0.01236248,0.005074722
"CAPEHC",2013,0.002149444,1.27e-05,0.0069062,0.007656598,0.000114467,0,0.002327504,0,0.675357711,0,0,0.167122417,0.120953895,0,0,0.012337043,0.005062003
"CAPEHC",2014,0.002009539,1.27e-05,0.006982512,0.007631161,0.000114467,0,0.002340223,0,0.675255962,0,0,0.167758347,0.120394277,0,0,0.01245151,0.005049285
"CAPEHC",2015,0.001984102,1.27e-05,0.007071542,0.007631161,0.000114467,0,0.002340223,0,0.675166932,0,0,0.168775835,0.119402226,0,0,0.012438792,0.005062003
"CAPEHC",2016,0.002060413,1.27e-05,0.007109698,0.007618442,0.000114467,0,0.002327504,0,0.674505564,0,0,0.169844197,0.1189062,0,0,0.012438792,0.005062003
"CAPEHC",2017,0.002213037,1.27e-05,0.007109698,0.007618442,0.000114467,0,0.002340223,0,0.674848967,0,0,0.171344992,0.117023847,0,0,0.012324324,0.005049285
"CAPEHC",2019,0.002098569,1.27e-05,0.007122417,0.007631161,0.000114467,0,0.00236566,0,0.674149444,0,0,0.183529412,0.105513514,0,0,0.012413355,0.005049285
"CAPEHC",2021,0.001793323,1.27e-05,0.007249603,0.007593005,0.000114467,0,0.00236566,0,0.674162162,0,0,0.213290938,0.075955485,0,0,0.012349762,0.005112878
"CAPEHC",2022,0.002340223,1.27e-05,0.00727504,0.007580286,0.000114467,0,0.002403816,0,0.673538951,0,0,0.218060413,0.071440382,0,0,0.012222576,0.005011129
"CAPEHC",2023,0.002073132,1.27e-05,0.007300477,0.007580286,0.000114467,0,0.002403816,0,0.673310016,0,0,0.218874404,0.070931638,0,0,0.012387917,0.005011129
"CHAMBC",1993,0.002594176,0,7.76e-05,0.00026524,0,0,0.000284648,0,0.736325585,0,0,0.037178882,0.205347497,0,0,0.015694444,0.002231897
"CHAMBC",1994,0.002594176,0,7.76e-05,0.00026524,0,0,0.000284648,0,0.711994669,0,0,0.03966955,0.226987197,0,0,0.015882052,0.002244836
"CHAMBC",2002,0.002393629,0,0.000194078,0.000388156,0,0,0.00026524,0,0.309586808,0,0,0.199234039,0.467016438,6.47e-06,0,0.017434677,0.003480466
"CHAMBC",2003,0.002380691,0,0.00017467,0.000414033,0,0,0.00026524,0,0.308661703,0,0,0.24436365,0.422708424,6.47e-06,0,0.017544654,0.003480466
"CHAMBC",2004,0.00238716,0,0.000168201,0.000426972,0,0,0.000271709,0,0.304463148,0,0,0.283198665,0.387832601,6.47e-06,0,0.017764609,0.003480466
"CHAMBC",2006,0.00238716,0,0.000135855,0.000465787,0,0,0.00026524,0,0.251906817,0,0,0.313131967,0.410319776,6.47e-06,0,0.01793281,0.00344812
"CHAMBC",2008,0.002380691,0,0.000161732,0.000472257,0,0,0.000278179,0,0.180570201,0,0,0.22793171,0.566688447,6.47e-06,0,0.018094542,0.003415773
"CHAMBC",2009,0.002393629,0,0.000148793,0.000485195,0,0,0.000271709,0,0.175621211,0,0,0.233307672,0.566086805,6.47e-06,0,0.018282151,0.003396366
"CHAMBC",2010,0.002354813,0,0.000129385,0.000498134,6.47e-06,0,0.000271709,0,0.176086999,0,0,0.265686357,0.533112947,6.47e-06,0,0.018456821,0.003389896
"CHAMBC",2011,0.002374221,0,0.000129385,0.000498134,6.47e-06,0,0.000271709,0,0.176132284,0,0,0.427482743,0.371116013,6.47e-06,6.47e-06,0.018586206,0.003389896
"CHAMBC",2012,0.002270713,0,0.000135855,0.000498134,6.47e-06,0,0.000271709,0,0.173861571,0,0,0.486139594,0.314496982,6.47e-06,6.47e-06,0.018916139,0.003389896
"CHAMBC",2013,0.002322467,0,0.000135855,0.000498134,6.47e-06,0,0.000271709,0,0.174508497,0,0,0.495772334,0.303965014,6.47e-06,6.47e-06,0.019116686,0.003389896
"CHAMBC",2014,0.002270713,0,0.000142324,0.000498134,6.47e-06,0,0.000271709,0,0.175614742,0,0,0.506077877,0.292391494,6.47e-06,6.47e-06,0.019317233,0.003396366
"CHAMBC",2015,0.002303059,0,0.000181139,0.000498134,0,0,0.00026524,0,0.174618475,0,0,0.520329674,0.278883663,6.47e-06,6.47e-06,0.019517781,0.003389896
"CHAMBC",2016,0.002270713,0,0.000181139,0.000498134,0,0,0.00026524,0,0.175291279,0,0,0.583191549,0.215167845,6.47e-06,6.47e-06,0.019731267,0.003389896
"CHAMBC",2018,0.00229659,0,0.000155262,0.000478726,0,0,0.00026524,0,0.141191769,0,0,0.522361024,0.310673645,6.47e-06,6.47e-06,0.01890967,0.003655136
"CHAMBC",2019,0.002309529,0,0.000161732,0.000478726,0,0,0.00026524,0,0.139535636,0,0,0.5653299,0.269237985,6.47e-06,6.47e-06,0.019013178,0.003655136
"CHAMBC",2021,0.002244836,0,0.000239363,0.000452849,0,0,0.00026524,0,0.122482646,0,0,0.550508808,0.300814481,6.47e-06,6.47e-06,0.019297826,0.003681013
"CHAMWF",1992,9.27e-05,0,1.55e-05,0,0,0,0,0,0.792271427,0,0,0.17801994,0.010789087,0,0,0.014777031,0.004034315
"CHAMWF",1993,9.27e-05,0,1.55e-05,0,0,0,0,0,0.802457686,0,0,0.16800371,0.010634516,0,0,0.014761574,0.004034315
"CHAMWF",1994,9.27e-05,0,1.55e-05,0,0,0,0,0,0.808887858,0,0,0.161712652,0.01044903,0,0,0.014807945,0.004034315
"CHAMWF",2001,9.27e-05,0,3.09e-05,0,0,0,0,0,0.475059896,0,0,0.092619213,0.414390602,0,0,0.013880516,0.003926115
"CHAMWF",2002,7.73e-05,0,1.55e-05,4.64e-05,0,0,0,0,0.473297782,0,0,0.089945127,0.418764974,0,0,0.013911431,0.003941572
"CHAMWF",2003,7.73e-05,0,0,7.73e-05,0,0,0,0,0.472880439,0,0,0.08971327,0.419398717,0,0,0.013911431,0.003941572
"CHAMWF",2004,7.73e-05,0,0,7.73e-05,0,0,0,0,0.473282325,0,0,0.090285184,0.418254888,0,0,0.014081459,0.003941572
"CHAMWF",2005,7.73e-05,0,0,7.73e-05,0,0,0,0,0.475276296,0,0,0.09274287,0.413200402,0,0,0.014684288,0.003941572
"CHAMWF",2006,7.73e-05,0,0,7.73e-05,0,0,0,0,0.476497411,0,0,0.1004869,0.403787001,0,0,0.015132545,0.003941572
"CHAMWF",2008,7.73e-05,0,0,7.73e-05,0,0,0,0,0.480330783,0,0,0.13129299,0.368560167,0,0,0.015750831,0.003910658
"CHAMWF",2009,7.73e-05,0,0,7.73e-05,0,0,0,0,0.481629183,0,0,0.156503594,0.341989335,0,0,0.015843574,0.003879743
"CHAMWF",2010,6.18e-05,0,0,7.73e-05,0,0,0,0,0.482973955,0,0,0.243558235,0.253512636,0,0,0.015936317,0.003879743
"CHAMWF",2011,7.73e-05,0,0,7.73e-05,0,0,0,0,0.484102326,0,0,0.401483886,0.094396785,0,0,0.015982688,0.003879743
"CHAMWF",2012,7.73e-05,0,0,7.73e-05,0,0,0,0,0.483020326,0,0,0.471257439,0.025658861,0,0,0.016029059,0.003879743
"CHAMWF",2013,7.73e-05,0,0,7.73e-05,0,0,0,0,0.482216555,0,0,0.477996754,0.01970786,0,0,0.016044517,0.003879743
"CHAMWF",2014,7.73e-05,0,0,7.73e-05,0,0,0,0,0.476203725,0,0,0.477904011,0.025813432,0,0,0.016044517,0.003879743
"CHAMWF",2015,7.73e-05,0,0,7.73e-05,0,0,0,0,0.478104954,0,0,0.475137182,0.026663575,0,0,0.016059974,0.003879743
"CHAMWF",2016,7.73e-05,0,0,7.73e-05,0,0,0,0,0.480253497,0,0,0.473205039,0.026447175,0,0,0.016059974,0.003879743
"CHAMWF",2019,7.73e-05,0,0,7.73e-05,0,0,0,0,0.260081923,0,0,0.163706623,0.556457222,0,0,0.015457145,0.004142515
"SALREF",1992,0.001102601,0.00094941,0.000189756,0.000915997,5.99e-05,9.46e-06,0.060432505,0.000515052,0.277537133,6.3e-07,0,0.613035532,0.038168661,0.00275997,0.000191647,0.002863359,0.001268401
"SALREF",1993,0.001136644,0.00094941,0.000191647,0.000915997,5.99e-05,9.46e-06,0.060442591,0.000516312,0.277674564,6.3e-07,0,0.612915122,0.038113184,0.002811664,0.000144996,0.002854533,0.001263358
"SALREF",1994,0.001112057,0.00094941,0.000192278,0.000917889,5.99e-05,9.46e-06,0.060429983,0.000521356,0.277785518,6.3e-07,0,0.612830646,0.038099945,0.002829316,0.000133649,0.002863359,0.001264619
"SALREF",1999,0.001178882,0.00094941,0.000204886,0.000933649,6.56e-05,9.46e-06,0.060430613,0.000535225,0.278800491,0,0,0.611845303,0.038006643,0.002915683,0,0.00286525,0.001258945
"ELKC",1992,0.000279056,0,0.006790358,0.001349962,4.77e-06,0,0.000255205,1.43e-05,0.620300474,4.77e-06,0,0.160309203,0.152259517,0,0,0.022710848,0.035721526
"ELKC",1993,0.000255205,0,0.006811823,0.001352347,4.77e-06,0,0.000250435,9.54e-06,0.610533521,4.77e-06,0,0.158308111,0.164046643,0,0,0.02263691,0.035785924
"ELKC",1994,0.00026713,0,0.006838059,0.001352347,4.77e-06,0,0.00024805,2.39e-06,0.610564527,4.77e-06,0,0.176458663,0.145846004,0,0,0.022462799,0.035950495
"ELKC",1997,0.000300522,0,0.006928693,0.001352347,4.77e-06,0,0.000243279,2.39e-06,0.610786341,2.39e-06,0,0.221024111,0.100937103,0,0,0.02236024,0.036057824
"ELKC",1998,0.000305292,0,0.006947774,0.001354732,4.77e-06,0,0.000238509,2.39e-06,0.610447658,2.39e-06,0,0.237414465,0.084852041,0,0,0.022372165,0.036057824
"ELKC",1999,0.000281441,0,0.007024097,0.001361888,4.77e-06,0,0.000226584,2.39e-06,0.609698739,2.39e-06,0,0.246329939,0.076625858,0,0,0.022386476,0.036055439
"ELKC",2000,0.00026713,0,0.007093264,0.001366658,4.77e-06,0,0.000224199,2.39e-06,0.607325572,2.39e-06,0,0.254341464,0.070923102,0,0,0.02236501,0.03608406
"ELKC",2001,0.000255205,0,0.007107575,0.001366658,4.77e-06,0,0.000224199,2.39e-06,0.607692876,2.39e-06,0,0.259827176,0.065067701,0,0,0.022095494,0.036353576
"ELKC",2002,0.00026236,0,0.007083724,0.00140959,4.77e-06,0,0.000224199,2.39e-06,0.609236031,2.39e-06,0,0.268823744,0.054508898,0,0,0.022114575,0.03632734
"ELKC",2003,0.000271901,0,0.007086109,0.001421515,4.77e-06,0,0.000224199,2.39e-06,0.610371335,2.39e-06,0,0.280021752,0.042146965,0,0,0.022114575,0.03633211
"ELKC",2004,0.000271901,0,0.007102805,0.001431055,4.77e-06,0,0.000224199,2.39e-06,0.602793897,0,0,0.284338769,0.04538592,0,0,0.022078799,0.036365501
"ELKC",2005,0.000264745,0,0.007305537,0.001330881,0,0,0.000224199,2.39e-06,0.587748735,0,0,0.284715614,0.059968374,0,2.39e-06,0.022033482,0.036403663
"ELKC",2006,0.000293366,0,0.007353239,0.001321341,0,0,0.000221814,2.39e-06,0.528047492,0,0,0.282380608,0.12193784,0,2.39e-06,0.022031097,0.036408433
"ELKC",2007,0.00026713,0,0.007264991,0.001380968,0,0,0.000219428,2.39e-06,0.429101941,0,0,0.25914027,0.244200052,0,2.39e-06,0.021940463,0.036479985
"ELKC",2008,0.000283826,0,0.007255451,0.001404819,0,0,0.000219428,2.39e-06,0.407202024,0,0,0.258035972,0.267187571,0,2.39e-06,0.021916612,0.036489526
"ELKC",2009,0.000290981,0,0.007286457,0.0014239,0,0,0.000219428,2.39e-06,0.406164509,0,0,0.255514929,0.270686501,0,2.39e-06,0.021914227,0.036494296
"ELKC",2010,0.000276671,0,0.007303152,0.00143344,2.39e-06,0,0.000219428,2.39e-06,0.393046502,0,0,0.254577588,0.284706073,0,2.39e-06,0.022019171,0.036410818
"ELKC",2011,0.000281441,0,0.00750827,0.001299875,0,0,0.000219428,2.39e-06,0.369355381,0,0,0.253811974,0.30906502,0,7.16e-06,0.022023942,0.036425128
"ELKC",2012,0.000293366,0,0.007575053,0.00128795,0,0,0.000219428,2.39e-06,0.366648301,0,0,0.256898283,0.308597542,0,7.16e-06,0.022038252,0.036432284
"ELKC",2013,0.000286211,0,0.007648991,0.001254559,0,0,0.000219428,2.39e-06,0.367731133,0,0,0.259691226,0.30467168,0,7.16e-06,0.022059718,0.036427513
"ELKC",2014,0.000281441,0,0.007694308,0.001249788,2.39e-06,0,0.000219428,2.39e-06,0.373178684,0,0,0.258803972,0.300073222,0,7.16e-06,0.022157507,0.036329725
"ELKC",2015,0.000281441,0,0.00775155,0.001218782,0,0,0.000219428,2.39e-06,0.370772126,0,0,0.27117306,0.290077301,0,7.16e-06,0.022178973,0.036317799
"ELKC",2016,0.000281441,0,0.007477264,0.001192546,0,0,0.000226584,2.39e-06,0.289712382,0,0,0.287460855,0.355159312,0,9.54e-06,0.022147966,0.036329725
"ELKC",2017,0.000295751,0,0.006995475,0.00116154,0,0,0.000240894,2.39e-06,0.219340236,0,0,0.322400071,0.391150354,0,9.54e-06,0.022074028,0.036329725
"ELKC",2018,0.000283826,0,0.006928693,0.001130534,0,0,0.000240894,2.39e-06,0.193254482,0,0,0.410121377,0.329612589,0,7.16e-06,0.022045407,0.036372656
"ELKC",2019,0.000281441,0,0.006928693,0.001123378,0,0,0.000240894,2.39e-06,0.192946805,0,0,0.434943032,0.305086686,0,7.16e-06,0.022069258,0.036370271
"ELKC",2021,0.000240894,0,0.00698832,0.001101913,0,0,0.000236124,2.39e-06,0.19656499,0,0,0.47600478,0.260287499,0,7.16e-06,0.022136041,0.036429899
"ELKC",2022,0.000259975,0,0.007007401,0.001104298,0,0,0.000236124,2.39e-06,0.199691846,0,0,0.496600051,0.236469968,0,9.54e-06,0.022283917,0.036334495
"ELKC",2023,0.00026236,0,0.007038407,0.001106683,0,0,0.000236124,2.39e-06,0.201800268,4.77e-06,0,0.528364709,0.20251818,2.39e-06,1.19e-05,0.022350699,0.036301104
"HERDC",1992,0.000212483,0.000233432,6.28e-05,0.000131679,8.98e-06,0,0.015891305,0.000430951,0.314716665,0,0,0.640979216,0.025333313,0.000185548,0,0.001604094,0.00020949
"HERDC",1993,0.000203504,0.000233432,6.28e-05,0.000131679,8.98e-06,0,0.01589729,0.000433943,0.314833381,0,0,0.640871478,0.02531835,0.000194526,0,0.001604094,0.000206497
"HERDC",1994,0.000206497,0.000233432,6.28e-05,0.000131679,8.98e-06,0,0.01589729,0.000436936,0.314944111,0,0,0.640748777,0.025324335,0.000194526,0,0.001604094,0.000206497
"HERDC",1998,0.00020949,0.000233432,6.28e-05,0.000131679,8.98e-06,0,0.01596313,0.000448907,0.315719224,0,0,0.63994673,0.025258496,0.000194526,0,0.001616065,0.000206497
"HERDC",1999,0.000215475,0.000233432,6.28e-05,0.000131679,8.98e-06,0,0.015954152,0.000448907,0.315886816,0,0,0.639773152,0.025267474,0.000194526,0,0.001616065,0.000206497
"HERDC",2000,0.000215475,0.000233432,6.28e-05,0.000131679,8.98e-06,0,0.015906268,0.000448907,0.315940684,0,0,0.639728262,0.025309372,0.000191534,0,0.001616065,0.000206497
"HERDC",2001,0.000200512,0.000233432,6.28e-05,0.000131679,8.98e-06,0,0.015882327,0.0004519,0.316078349,0,0,0.639701327,0.025324335,0.000101752,0,0.001616065,0.000206497
"HERDC",2002,0.000203504,0.000233432,6.28e-05,0.000131679,8.98e-06,0,0.015894297,0.0004519,0.316224992,0,0,0.639557677,0.025321343,8.68e-05,0,0.001616065,0.000206497
"HERDC",2003,0.000206497,0.000233432,6.28e-05,0.000131679,8.98e-06,0,0.015894297,0.0004519,0.316527256,0,0,0.639246435,0.025327328,8.68e-05,0,0.001634021,0.000188541
"HERDC",2004,0.000206497,0.000233432,6.28e-05,0.000131679,8.98e-06,0,0.015894297,0.000454892,0.316961199,0,0,0.638815484,0.025324335,8.68e-05,0,0.001631028,0.000188541
"HERDC",2005,0.000200512,0.000233432,6.58e-05,0.00014365,2.99e-06,0,0.015894297,0.000460878,0.317661494,0,0,0.638109204,0.025321343,8.68e-05,0,0.001631028,0.000188541
"HERDC",2006,0.00020949,0.000233432,6.58e-05,0.00014365,2.99e-06,0,0.015894297,0.00046387,0.317146748,0,0,0.638390519,0.025542803,8.68e-05,0,0.001631028,0.000188541
"HERDC",2007,0.000200512,0.000233432,6.58e-05,0.00014365,2.99e-06,0,0.015918239,0.00046387,0.317493902,0,0,0.637989496,0.025581709,8.68e-05,0,0.001642999,0.00017657
"HERDC",2009,0.000212483,0.000233432,3.89e-05,0.00014365,2.99e-06,0,0.015987071,0.00046387,0.313651259,0,0,0.636253722,0.031109249,8.38e-05,0,0.001651977,0.000167592
"HERDC",2010,0.00020949,0.000233432,3.89e-05,0.000140657,5.99e-06,0,0.01599605,0.00046387,0.314465277,0,0,0.635140433,0.031402535,8.38e-05,0,0.001651977,0.000167592
"HERDC",2011,0.00020949,0.000233432,3.89e-05,0.000140657,5.99e-06,0,0.01599605,0.000469856,0.315117688,0,0,0.634443131,0.03144144,8.38e-05,0,0.001651977,0.000167592
"HERDC",2012,0.000203504,0.000233432,4.19e-05,0.000140657,5.99e-06,0,0.016002035,0.000469856,0.315665355,0,0,0.633231082,0.032117793,7.18e-05,0,0.001651977,0.000164599
"HERDC",2013,0.000203504,0.000233432,4.19e-05,0.000146643,2.99e-06,0,0.016002035,0.000487812,0.316272876,0,0,0.632587649,0.032132757,6.58e-05,0,0.001660956,0.000161606
"HERDC",2014,0.000203504,0.000233432,4.19e-05,0.000146643,2.99e-06,0,0.016079846,0.000484819,0.317122806,0,0,0.631890347,0.031899325,6.58e-05,0,0.001666941,0.000161606
"HERDC",2015,0.000215475,0.000233432,4.19e-05,0.000146643,2.99e-06,0,0.016082838,0.000481827,0.318179234,0,0,0.630956621,0.03176166,6.58e-05,0,0.001669934,0.000161606
"HERDC",2016,0.000206497,0.000233432,4.19e-05,0.000146643,2.99e-06,0,0.016157656,0.000475841,0.318553323,0,0,0.630681291,0.031603047,6.58e-05,0,0.001669934,0.000161606
"HERDC",2017,0.000218468,0.000233432,4.49e-05,0.000146643,2.99e-06,0,0.016193569,0.000487812,0.318924419,0,0,0.630355085,0.031495309,6.58e-05,0,0.001669934,0.000161606
"HERDC",2018,0.000212483,0.000233432,4.49e-05,0.000146643,2.99e-06,0,0.016241452,0.000478834,0.319277559,0,0,0.630076763,0.031381586,7.18e-05,0,0.001666941,0.000164599
"HERDC",2019,0.00020949,0.000233432,4.79e-05,0.000146643,2.99e-06,0,0.01625043,0.000478834,0.319490042,0,0,0.630675306,0.030564575,6.88e-05,0,0.001669934,0.000161606
"SALRSF",1992,0.000464853,0,0.010234263,0.002136824,1.87e-05,0,0.000134957,0,0.838227411,0,0,0.086297708,0.056318439,0,0,0.005210852,0.000955948
"SALRSF",1993,0.00056982,0,0.010234263,0.002136824,1.87e-05,0,0.000134957,0,0.83835487,0,0,0.086065282,0.056322188,0,0,0.005203354,0.000959696
"SALRSF",1994,0.000509839,0,0.010234263,0.002136824,1.87e-05,0,0.000134957,0,0.838594794,0,0,0.08597531,0.056232217,0,0,0.005203354,0.000959696
"SALRSF",1995,0.000611057,0,0.01024551,0.002136824,1.87e-05,0,0.000134957,0,0.838737249,0,0,0.085844102,0.056097259,3.75e-06,0,0.005199606,0.000970943
"SALRSF",1996,0.000596061,0,0.010253007,0.002136824,1.87e-05,0,0.000131209,0,0.838909695,0,0,0.085949069,0.055804852,0,0,0.005229596,0.000970943
"SALRSF",1997,0.000592313,0,0.010301742,0.002136824,1.87e-05,0,0.000131209,0,0.837822539,0,0,0.086661343,0.056134747,0,0,0.005229596,0.000970943
"SALRSF",1998,0.000592313,0,0.01030924,0.002136824,1.87e-05,0,0.00012746,0,0.837815041,0,0,0.088498262,0.054297828,0,0,0.005233345,0.000970943
"SALRSF",1999,0.000581066,0,0.010312989,0.002136824,1.87e-05,0,0.00012746,0,0.838084956,0,0,0.095414825,0.047118849,0,0,0.005233345,0.000970943
"SALRSF",2000,0.000517336,0,0.010312989,0.002136824,1.87e-05,0,0.00012746,0,0.838381112,0,0,0.109210462,0.033090785,0,0,0.005233345,0.000970943
"SALRSF",2001,0.000468602,0,0.010312989,0.002136824,1.87e-05,0,0.00012746,0,0.838654775,0,0,0.117701527,0.024374791,0,0,0.005233345,0.000970943
"SALRSF",2002,0.000461104,0,0.010316737,0.002140573,1.87e-05,0,0.00012746,0,0.839007164,0,0,0.119770872,0.021953057,0,0,0.005233345,0.000970943
"SALRSF",2003,0.000483597,0,0.010335481,0.002140573,1.87e-05,0,0.00012746,0,0.839434529,0,0,0.120595612,0.020659716,0,0,0.005233345,0.000970943
"SALRSF",2004,0.000498592,0,0.010342979,0.002140573,1.87e-05,0,0.00012746,0,0.839517003,0,0,0.120640597,0.020509764,0,0,0.005233345,0.000970943
"SALRSF",2005,0.000494844,0,0.010380467,0.00211808,1.5e-05,0,0.00012746,0,0.83974568,0,0,0.120415669,0.020498517,0,0,0.005237094,0.000967194
"SALRSF",2008,0.000427365,0,0.009173349,0.002208052,1.5e-05,0,0.000146204,0,0.322195606,0,0,0.081997818,0.577654817,0,0,0.003212734,0.002969061
"SALRSF",2009,0.00044236,0,0.008835956,0.002462971,1.5e-05,0,0.000142455,0,0.310090684,0,0,0.081712908,0.590108378,0,0,0.003182743,0.003006549
"SALRSF",2010,0.000427365,0,0.008760979,0.002609175,1.5e-05,0,0.000142455,0,0.310791712,0,0,0.081656676,0.589392355,0,0,0.003107767,0.003096521
"SALRSF",2011,0.00044236,0,0.008768477,0.00262417,1.5e-05,0,0.000146204,0,0.312876053,0,0,0.085034358,0.5838741,0,0,0.003115265,0.003104018
"SALRSF",2012,0.000446109,0,0.008708496,0.002631668,1.5e-05,0,0.000131209,0,0.312628631,0,0,0.104265776,0.564935089,0,0,0.002965312,0.003272715
"SALRSF",2013,0.000476099,0,0.008749733,0.002605426,1.5e-05,0,0.000131209,0,0.313715787,0,0,0.116948015,0.551109462,0,0,0.002961563,0.00328771
"SALRSF",2014,0.000487346,0,0.008802216,0.002612924,1.5e-05,0,0.000134957,0,0.315950081,0,0,0.120179493,0.545546221,0,0,0.002976559,0.003295208
"SALRSF",2015,0.000446109,0,0.008869695,0.002620421,4.5e-05,0,0.000134957,0,0.317168445,0,0,0.122698697,0.541714933,0,0,0.0030028,0.003298957
"SALRSF",2016,0.000468602,0,0.008899685,0.002620421,5.25e-05,0,0.000134957,0,0.312388707,0,0,0.129330349,0.539788042,0,0,0.003010298,0.003306454
"SALRSF",2017,0.000521085,0,0.008925927,0.002616672,6e-05,0,0.000146204,0,0.313809508,0,0,0.166199939,0.501392685,0,0,0.003025293,0.003302706
"SALRSF",2018,0.000498592,0,0.008970913,0.002605426,6e-05,0,0.000146204,0,0.315189071,0,0,0.36069593,0.305494637,0,0,0.00303654,0.003302706
"SALRSF",2019,0.000479848,0,0.008997155,0.002601677,5.25e-05,0,0.000363635,0,0.317352137,0,0,0.598625685,0.065176888,0,0,0.003040289,0.003310203
"SALRSF",2021,0.00044236,0,0.009128363,0.002537947,5.25e-05,0,0.000371133,0,0.326221832,0,0,0.623090448,0.031786198,0,0,0.003059033,0.003310203
"SALRSF",2022,0.000427365,0,0.009195842,0.002541696,4.87e-05,0,0.00037863,0,0.332347395,0,0,0.62232569,0.026357914,0,0,0.00306653,0.003310203
"SALRSF",2023,0.000419867,0,0.009225832,0.002575436,4.87e-05,0,0.00056982,0,0.337127134,0,0,0.622082017,0.021563181,0,0,0.003085274,0.003302706
"SALRSF",2024,0.000419867,0,0.009225832,0.002575436,4.87e-05,0,0.00056982,0,0.337127134,0,0,0.622082017,0.021563181,0,0,0.003085274,0.003302706
"LAKEC",1992,0.001363547,3.59e-05,0.007329063,0.001264869,0,0,0.001596785,0,0.82535838,0,0,0.097556381,0.017959345,0,0,0.039695355,0.007840393
"LAKEC",1993,0.001309722,3.59e-05,0.007329063,0.001264869,0,0,0.001596785,0,0.825591618,0,0,0.096596516,0.018730825,0,0,0.039704326,0.007840393
"LAKEC",1994,0.001381488,3.59e-05,0.007329063,0.001264869,0,0,0.001596785,0,0.796616251,0,0,0.0962646,0.047607514,0,0,0.040045212,0.007858335
"LAKEC",1995,0.001264869,3.59e-05,0.007329063,0.001264869,0,0,0.001587814,0,0.662154404,0,0,0.097637117,0.179907422,0,0,0.041014048,0.00780451
"LAKEC",1996,0.001246928,3.59e-05,0.007329063,0.001264869,0,0,0.001587814,0,0.65354253,0,0,0.095941655,0.190062257,0,0,0.041184491,0.00780451
"LAKEC",1997,0.001211045,3.59e-05,0.007338034,0.001264869,0,0,0.001587814,0,0.653372087,0,0,0.094658844,0.191488598,0,0,0.041238316,0.00780451
"LAKEC",1998,0.001211045,3.59e-05,0.007347005,0.001264869,0,0,0.001587814,0,0.654152538,0,0,0.093241473,0.192044782,0,0,0.041310081,0.00780451
"LAKEC",1999,0.001211045,3.59e-05,0.007347005,0.001264869,0,0,0.001587814,0,0.657983027,0,0,0.091680571,0.189676516,0,0,0.041408759,0.00780451
"LAKEC",2001,0.001255898,3.59e-05,0.007355975,0.001264869,0,0,0.001587814,0,0.665312091,0,0,0.095654592,0.178095341,0,0,0.041633027,0.00780451
"LAKEC",2002,0.001246928,3.59e-05,0.007347005,0.00128281,0,0,0.001587814,0,0.671869674,0,0,0.101315105,0.165787538,0,0,0.041722734,0.00780451
"LAKEC",2003,0.001193103,3.59e-05,0.007355975,0.00128281,0,0,0.001587814,0,0.676767677,0,0,0.112070976,0.150133663,0,0,0.041767587,0.00780451
"LAKEC",2004,0.001246928,3.59e-05,0.007355975,0.00128281,0,0,0.001587814,0,0.679171825,0,0,0.151479269,0.108267399,0,0,0.041767587,0.00780451
"LAKEC",2005,0.00127384,3.59e-05,0.007355975,0.001291781,0,0,0.001587814,0,0.6814145,0,0,0.229246282,0.028221828,0,0,0.041767587,0.00780451
"LAKEC",2006,0.001246928,3.59e-05,0.007364946,0.001291781,0,0,0.001587814,0,0.682840842,0,0,0.238423309,0.017627429,0,0,0.041776558,0.00780451
"LAKEC",2007,0.001246928,3.59e-05,0.007364946,0.001291781,0,0,0.001587814,0,0.685666613,0,0,0.237517269,0.015707699,0,0,0.041776558,0.00780451
"LAKEC",2008,0.00127384,3.59e-05,0.007355975,0.001300752,0,0,0.001587814,0,0.689873872,0,0,0.233928988,0.015061808,0,0,0.041785528,0.00779554
"LAKEC",2009,0.001264869,3.59e-05,0.007364946,0.001291781,0,0,0.001587814,0,0.692735526,0,0,0.231587635,0.014550478,0,0,0.041794499,0.007786569
"LAKEC",2010,0.001211045,3.59e-05,0.007347005,0.001309722,0,0,0.001587814,0,0.694287457,0,0,0.23063674,0.014012236,0,0,0.041785528,0.007786569
"LAKEC",2011,0.001157221,3.59e-05,0.007355975,0.001318693,0,0,0.001587814,0,0.69650322,0,0,0.228851571,0.013608554,0,0,0.041794499,0.007786569
"LAKEC",2012,0.00114825,3.59e-05,0.007311122,0.001363547,0,0,0.001587814,0,0.698763837,0,0,0.227093313,0.013115166,0,0,0.04180347,0.007777598
"LAKEC",2013,0.001264869,3.59e-05,0.007302151,0.001390459,0,0,0.001587814,0,0.701329458,0,0,0.224787843,0.012693543,0,0,0.041830382,0.007777598
"LAKEC",2014,0.001237957,3.59e-05,0.007239356,0.001390459,0,0,0.001587814,0,0.705258625,0,0,0.221100885,0.0125231,0,0,0.041848323,0.007777598
"LAKEC",2015,0.001228986,3.59e-05,0.007266268,0.001390459,0,0,0.001587814,0,0.70851499,0,0,0.21823026,0.012128389,0,0,0.041830382,0.007786569
"LAKEC",2016,0.001184133,3.59e-05,0.007302151,0.001390459,0,0,0.001587814,0,0.715314782,0,0,0.211502234,0.011993828,0,0,0.041884206,0.00780451
"LAKEC",2017,0.001264869,3.59e-05,0.007311122,0.001390459,0,0,0.001587814,0,0.723235912,0,0,0.203473456,0.011948975,0,0,0.041964942,0.007786569
"LAKEC",2018,0.001228986,3.59e-05,0.007311122,0.001390459,0,0,0.001587814,0,0.730493209,0,0,0.196323806,0.011814414,0,0,0.042027737,0.007786569
"LAKEC",2019,0.001220015,3.59e-05,0.007338034,0.001372517,0,0,0.001587814,0,0.736871378,0,0,0.18998152,0.011706766,0,0,0.042099503,0.007786569
"LAKEC",2021,0.001202074,3.59e-05,0.0074098,0.001372517,0,0,0.001587814,0,0.748811382,0,0,0.177871073,0.01176059,0,0,0.042162298,0.007786569
"LAKEC",2023,0.001246928,3.59e-05,0.007445682,0.001363547,0,0,0.001587814,0,0.750282577,0,0,0.164639288,0.023431473,0,0,0.042207151,0.007759657
"LOONC",1992,0.001102937,0.000909072,0.000678529,0.000783321,4.72e-05,0,0.020387312,7.86e-05,0.607244281,2.62e-06,0,0.225662024,0.141982877,0.000220064,0,0.000901212,0
"LOONC",1993,0.001121276,0.000909072,0.000694248,0.000783321,4.72e-05,0,0.020348015,7.86e-05,0.607823258,2.62e-06,0,0.225240236,0.141836168,0.000217444,0,0.000898593,0
"LOONC",1994,0.001105557,0.000909072,0.000696868,0.000783321,4.72e-05,0,0.020340155,7.07e-05,0.604297002,0,0,0.22358452,0.147049577,0.000214824,0,0.000901212,0
"LOONC",1998,0.001157953,0.000909072,0.000759743,0.0007938,4.72e-05,0,0.020340155,6.81e-05,0.580393914,0,0,0.220176156,0.174193362,0.00026198,2.62e-06,0.000895973,0
"LOONC",1999,0.001155333,0.000909072,0.000757123,0.00079642,4.72e-05,0,0.020329676,6.81e-05,0.580862859,0,0,0.220833726,0.173085186,0.000259361,0,0.000895973,0
"LOONC",2002,0.001123896,0.000909072,0.000754503,0.000812139,4.72e-05,0,0.020190826,7.07e-05,0.582725539,0,0,0.226854035,0.165354145,0.00026198,0,0.000895973,0
"LOONC",2003,0.001160573,0.000909072,0.000754503,0.000814759,4.72e-05,0,0.020198686,7.07e-05,0.583325474,0,0,0.229667704,0.161890765,0.0002646,0,0.000895973,0
"LOONC",2004,0.001136995,0.000909072,0.000751884,0.000830478,4.72e-05,0,0.020206545,7.07e-05,0.584035441,0,0,0.235088078,0.155763044,0.0002646,0,0.000895973,0
"LOONC",2005,0.001129135,0.000909072,0.000738785,0.000856676,4.45e-05,0,0.020219644,6.81e-05,0.584923554,0,0,0.243984931,0.145964978,0.0002646,0,0.000895973,0
"LOONC",2007,0.001123896,0.000909072,0.000725686,0.000861915,3.93e-05,0,0.020222264,6.03e-05,0.482947698,0,0,0.218289897,0.273656827,0.0002646,0,0.000898593,0
"LOONC",2008,0.001110797,0.000909072,0.000715206,0.000875014,3.67e-05,0,0.020219644,6.03e-05,0.4821277,0,0,0.214483322,0.278301739,0.00026198,0,0.000898593,0
"LOONC",2009,0.001129135,0.000909072,0.000694248,0.000898593,3.67e-05,0,0.020243223,6.03e-05,0.482997475,0,0,0.213060769,0.27880998,0.00026198,0,0.000898593,0
"LOONC",2010,0.001116036,0.000909072,0.000691628,0.000909072,2.88e-05,0,0.020251082,6.55e-05,0.484404309,0,0,0.211625117,0.278838798,0.00026198,0,0.000898593,0
"LOONC",2011,0.001160573,0.000909072,0.000691628,0.000914311,2.62e-05,0,0.020243223,6.81e-05,0.480330514,0,0,0.21224077,0.282255022,0.00026198,0,0.000898593,0
"LOONC",2012,0.001092458,0.000909072,0.000686389,0.00093003,1.83e-05,0,0.020251082,7.6e-05,0.456225701,0,0,0.209419242,0.30923376,0.00026198,0,0.000895973,0
"LOONC",2013,0.001118656,0.000909072,0.000689008,0.00093527,1.31e-05,0,0.020298238,7.6e-05,0.417083215,0,0,0.20797573,0.349746403,0.00026198,0,0.000893353,0
"LOONC",2014,0.001110797,0.000909072,0.000686389,0.000940509,7.86e-06,0,0.020392551,7.6e-05,0.416548776,0,0,0.207210747,0.350964612,0.00026198,0,0.000890733,0
"LOONC",2015,0.001097698,0.000909072,0.000689008,0.000943129,7.86e-06,0,0.020403031,7.6e-05,0.418560785,0,0,0.211095916,0.345070054,0.000259361,0,0.000888113,0
"LOONC",2016,0.001116036,0.000909072,0.000691628,0.000945749,7.86e-06,0,0.020442328,7.6e-05,0.419815671,0,0,0.225119725,0.329723244,0.0002646,0,0.000888113,0
"LOONC",2017,0.001126516,0.000909072,0.000691628,0.000945749,7.86e-06,0,0.02107632,7.6e-05,0.418686535,0,0,0.271830824,0.283499429,0.0002646,0,0.000885494,0
"LOONC",2019,0.001155333,0.000909072,0.000702107,0.000943129,5.24e-06,0,0.021105138,7.34e-05,0.417374014,0,0,0.314664613,0.241912666,0.00026722,0,0.000888113,0
"LOONC",2021,0.001144854,0.000909072,0.000699488,0.000953609,2.62e-06,0,0.021183732,7.34e-05,0.420659247,0,0,0.33964444,0.21357425,0.00026722,0,0.000888113,0
"MARSHC",1992,0.001644106,2.2e-05,0.006413336,0.00510863,0.000105787,4.41e-06,0.005597895,4.41e-06,0.738582719,0,0,0.13520018,0.055035681,1.32e-05,0,0.012434379,0.039833209
"MARSHC",1993,0.001577989,2.2e-05,0.006461822,0.00510863,0.000105787,4.41e-06,0.005593487,4.41e-06,0.733716517,0,0,0.135178141,0.059884251,1.32e-05,0,0.012333,0.039996297
"MARSHC",1994,0.001538319,2.2e-05,0.006514715,0.005113038,0.000105787,4.41e-06,0.005575856,0,0.733817897,0,0,0.135032684,0.059910698,1.32e-05,0,0.012297737,0.040053599
"MARSHC",1998,0.001688184,2.2e-05,0.006598463,0.005135077,0.000105787,4.41e-06,0.005593487,0,0.73371211,0,0,0.134904858,0.059888659,0,0,0.012244844,0.040102084
"MARSHC",1999,0.001608844,2.2e-05,0.006660173,0.0051483,0.000105787,4.41e-06,0.005593487,0,0.733663624,0,0,0.134874003,0.059941553,0,0,0.01225366,0.040124123
"MARSHC",2001,0.001410493,2.2e-05,0.006668988,0.0051483,0.000105787,4.41e-06,0.005580264,0,0.733293369,0,0,0.13527952,0.060038524,0,0,0.012059717,0.040388591
"MARSHC",2002,0.001542727,2.2e-05,0.006616095,0.005214417,0.000105787,4.41e-06,0.005571448,0,0.733297777,0,0,0.137126385,0.058081465,0,0,0.01203327,0.040384183
"MARSHC",2003,0.001586805,2.2e-05,0.006611687,0.005245272,0.000105787,4.41e-06,0.005571448,0,0.733355078,0,0,0.140066381,0.055044497,0,0,0.011998008,0.040388591
"MARSHC",2004,0.00159562,2.2e-05,0.006602871,0.00526731,0.000105787,4.41e-06,0.005571448,0,0.733469681,0,0,0.14094794,0.054004258,0,0,0.012020047,0.040388591
"MARSHC",2005,0.001542727,2.2e-05,0.007039243,0.00502929,6.61e-05,0,0.005571448,0,0.733800265,0,0,0.14128734,0.05320204,0,0,0.012055309,0.040384183
"MARSHC",2007,0.001463387,2.2e-05,0.007246409,0.004985212,7.05e-05,0,0.005571448,0,0.732001887,0,0,0.140969979,0.055216401,0,0,0.012081756,0.04037096
"MARSHC",2008,0.001489833,2.2e-05,0.00730371,0.00498962,7.05e-05,0,0.005571448,0,0.731710972,0,0,0.141005241,0.055388304,0,0,0.012077348,0.04037096
"MARSHC",2009,0.001485426,2.2e-05,0.007347788,0.005024882,7.05e-05,0,0.00556704,0,0.727955534,0,0,0.141309378,0.058786711,0,0,0.012037678,0.040392999
"MARSHC",2010,0.001503057,2.2e-05,0.00734338,0.005060144,6.61e-05,0,0.00556704,0,0.72137911,0,0,0.140762812,0.065870032,0,0,0.012024454,0.040401814
"MARSHC",2011,0.001538319,2.2e-05,0.007369827,0.005046921,6.61e-05,0,0.00556704,0,0.699013977,0,0,0.14056887,0.088402661,0,0,0.011998008,0.040406222
"MARSHC",2013,0.001406085,2.2e-05,0.007334565,0.005042513,6.61e-05,0,0.005558225,0,0.469024247,0,0,0.135804047,0.323399641,0,0,0.011848143,0.040494378
"MARSHC",2014,0.001278259,2.2e-05,0.007444759,0.005042513,6.61e-05,0,0.005628749,0,0.460684706,0,0,0.137637688,0.32980857,0,0,0.011887813,0.040498786
"MARSHC",2015,0.001326745,2.2e-05,0.007519692,0.005038105,6.61e-05,0,0.005628749,0,0.457837273,0,0,0.14008842,0.330077445,8.82e-06,0,0.011883405,0.040503193
"MARSHC",2016,0.001423717,2.2e-05,0.007629887,0.005024882,6.61e-05,0,0.005628749,0,0.457114395,0,0,0.145999268,0.324691124,8.82e-06,0,0.011865774,0.040525232
"MARSHC",2017,0.001432532,2.2e-05,0.007788567,0.005024882,6.61e-05,0,0.005646381,0,0.457735894,0,0,0.155855089,0.314055124,8.82e-06,0,0.01187459,0.04048997
"MARSHC",2019,0.001445756,2.2e-05,0.007907577,0.005011659,6.61e-05,0,0.005650788,0,0.453861445,0,0,0.169951206,0.303657144,1.32e-05,0,0.011909852,0.040503193
"MARSHC",2021,0.001326745,2.2e-05,0.008110336,0.004958765,6.61e-05,0,0.005664012,0,0.442141129,0,0,0.209290742,0.276015886,8.82e-06,0,0.011852551,0.040542864
"MARSHC",2022,0.00147661,2.2e-05,0.008163229,0.004927911,6.61e-05,0,0.005686051,0,0.442692103,0,0,0.330751837,0.153871583,1.32e-05,0,0.011821696,0.040507601
"MARSHC",2023,0.001423717,2.2e-05,0.008194084,0.004927911,6.61e-05,0,0.005681643,0,0.44307558,0,0,0.382129051,0.102071221,1.32e-05,0,0.011901036,0.040494378
"MARSHC",2024,0.001423717,2.2e-05,0.008194084,0.004927911,6.61e-05,0,0.005681643,0,0.44307558,0,0,0.382129051,0.102071221,1.32e-05,0,0.011901036,0.040494378
"RUSHC",1992,4.07e-05,4.44e-05,7.39e-06,0.000162628,1.48e-05,0,0.002502255,0,0.745113766,0,0,0.170541404,0.081484055,0,0,8.87e-05,0
"RUSHC",1993,4.07e-05,4.44e-05,7.39e-06,0.000162628,1.48e-05,0,0.002517039,0,0.745394669,0,0,0.169007525,0.082725942,0,0,8.5e-05,0
"RUSHC",2001,4.07e-05,4.44e-05,2.22e-05,0.000162628,1.48e-05,0,0.002417244,0,0.662428481,0,0,0.192278124,0.142506542,0,0,8.5e-05,0
"RUSHC",2003,3.7e-05,4.44e-05,2.22e-05,0.000162628,1.48e-05,0,0.002406156,0,0.662971806,0,0,0.198620618,0.135635506,0,0,8.5e-05,0
"SECESR",1992,0.001013951,3.4e-05,0.006411386,0.002723448,1.24e-05,0,0.000992312,0,0.862974401,0,0,0.076689326,0.017277356,9.27e-06,0,0.026572938,0.005289239
"SECESR",1993,0.000995403,3.4e-05,0.006411386,0.002726539,1.24e-05,0,0.000970673,0,0.863311354,0,0,0.076602769,0.017060964,9.27e-06,0,0.026569847,0.005295421
"SECESR",1994,0.001026316,3.4e-05,0.006411386,0.002726539,1.24e-05,0,0.000967581,0,0.847888787,0,0,0.076593495,0.032226952,9.27e-06,0,0.026786239,0.005317061
"SECESR",1995,0.000967581,3.4e-05,0.006414477,0.002729631,1.24e-05,0,0.00096449,0,0.789846269,0,0,0.077406511,0.089036035,9.27e-06,0,0.027253027,0.005326335
"SECESR",1996,0.000967581,3.4e-05,0.006408295,0.002738905,1.24e-05,0,0.00096449,0,0.786288166,0,0,0.076673869,0.093246406,9.27e-06,0,0.02733031,0.005326335
"SECESR",1997,0.000945942,3.4e-05,0.006411386,0.002738905,1.24e-05,0,0.00096449,0,0.786142874,0,0,0.076219446,0.093830664,9.27e-06,0,0.027361223,0.005329426
"SECESR",1998,0.00096449,3.4e-05,0.006414477,0.002738905,1.24e-05,0,0.00096449,0,0.786529289,0,0,0.075659918,0.093957408,9.27e-06,0,0.027385954,0.005329426
"SECESR",1999,0.000967581,3.4e-05,0.006423751,0.002735813,1.24e-05,0,0.000970673,0,0.788149137,0,0,0.075001468,0.092937274,9.27e-06,0,0.027429232,0.005329426
"SECESR",2000,0.000952125,3.4e-05,0.006426843,0.002738905,1.24e-05,0,0.000973764,0,0.77996952,0,0,0.075573362,0.100473898,9.27e-06,0,0.027506515,0.005329426
"SECESR",2001,0.000970673,3.4e-05,0.006494851,0.002738905,1.24e-05,0,0.000973764,0,0.679594543,0,0,0.07726431,0.198675681,9.27e-06,0,0.027818738,0.005412891
"SECESR",2002,0.000967581,3.4e-05,0.006463938,0.002803822,1.55e-05,0,0.000973764,0,0.682506561,0,0,0.078794511,0.194146905,9.27e-06,0,0.027862016,0.005422165
"SECESR",2003,0.000961399,3.4e-05,0.006476304,0.002810005,1.55e-05,0,0.000973764,0,0.685041439,0,0,0.082776124,0.187580954,9.27e-06,0,0.027889838,0.005431439
"SECESR",2004,0.000952125,3.4e-05,0.006476304,0.002834735,1.55e-05,0,0.000973764,0,0.686599461,0,0,0.099058077,0.1696977,9.27e-06,0,0.027914568,0.005434531
"SECESR",2005,0.000973764,3.4e-05,0.006479395,0.002850192,1.85e-05,0,0.000973764,0,0.687752522,0,0,0.134113581,0.133384031,9.27e-06,0,0.027970212,0.005440713
"SECESR",2006,0.000967581,3.4e-05,0.006460847,0.002871831,2.16e-05,0,0.000967581,0,0.687013698,0,0,0.140515693,0.127680556,9.27e-06,0,0.028016582,0.005440713
"SECESR",2008,0.000973764,3.4e-05,0.006454664,0.002871831,2.16e-05,0,0.000970673,0,0.53707877,0,0,0.135158445,0.282632687,9.27e-06,0,0.027920751,0.005873497
"SECESR",2009,0.000983038,3.4e-05,0.006383564,0.002967662,1.85e-05,0,0.000970673,0,0.533610315,0,0,0.13554486,0.285631262,9.27e-06,0,0.027976395,0.005870406
"SECESR",2010,0.000967581,3.4e-05,0.006346468,0.003014031,1.85e-05,0,0.000967581,0,0.533900899,0,0,0.150098767,0.270694031,9.27e-06,0,0.02805986,0.005888954
"SECESR",2011,0.000936668,3.4e-05,0.006324829,0.003035671,1.85e-05,0,0.000970673,0,0.535140516,0,0,0.213402702,0.206122657,9.27e-06,0,0.028112413,0.005892045
"SECESR",2012,0.000936668,3.4e-05,0.006315555,0.003066584,1.55e-05,0,0.000967581,0,0.535325995,0,0,0.227511461,0.19173568,9.27e-06,0,0.028171148,0.005910593
"SECESR",2013,0.000979947,3.4e-05,0.006340286,0.003072766,1.55e-05,0,0.000967581,0,0.536559429,0,0,0.231047925,0.186808125,9.27e-06,0,0.028245339,0.005919867
"SECESR",2014,0.000955216,3.4e-05,0.006337194,0.003075858,1.24e-05,0,0.000967581,0,0.538686253,0,0,0.230983007,0.184709123,9.27e-06,0,0.028300983,0.005929141
"SECESR",2015,0.000961399,3.4e-05,0.006395929,0.003044945,1.24e-05,0,0.000967581,0,0.540435937,0,0,0.230408023,0.183429319,9.27e-06,0,0.028319531,0.005981693
"SECESR",2016,0.00093976,3.4e-05,0.00644539,0.003023305,1.55e-05,0,0.000967581,0,0.543765283,0,0,0.228265742,0.18206914,9.27e-06,0,0.028322622,0.006142442
"SECESR",2017,0.000992312,3.4e-05,0.006482486,0.00301094,1.24e-05,0,0.000967581,0,0.547230646,0,0,0.22795661,0.178659421,9.27e-06,0,0.028471005,0.006173355
"SECESR",2018,0.000958307,3.4e-05,0.006522673,0.002989301,1.24e-05,0,0.000967581,0,0.550779475,0,0,0.247438073,0.155527115,9.27e-06,0,0.028585384,0.006176446
"SECESR",2019,0.000949034,3.4e-05,0.006556678,0.002952205,1.24e-05,0,0.000979947,0,0.542967724,0,0,0.356051402,0.054648255,9.27e-06,0,0.028665758,0.006173355
"SECESR",2021,0.000949034,3.4e-05,0.006596865,0.002930566,1.24e-05,0,0.000976855,0,0.540649238,0,0,0.365631385,0.047164183,9.27e-06,0,0.028863602,0.006182629
"SECESR",2023,0.000970673,3.4e-05,0.006637052,0.002930566,1.24e-05,0,0.000976855,0,0.543048098,0,0,0.348137638,0.062002492,9.27e-06,0,0.029058355,0.006182629
"SULFUC",1992,0.000113768,0,0.000138147,4.88e-05,0,0,8.13e-06,0,0.589937996,0,0,0.254012368,0.143331952,0,0,0.011157431,0.001251453
"SULFUC",1994,0.000113768,0,0.000138147,4.88e-05,0,0,8.13e-06,0,0.591823301,0,0,0.275384578,0.120082563,0,0,0.011108673,0.001292084
"SULFUC",2002,9.75e-05,0,0.000138147,4.88e-05,0,0,0,0,0.596601575,0,0,0.348594554,0.042078061,0,0,0.011141178,0.00130021
"SULFUC",2004,0.000105642,0,0.000138147,4.88e-05,0,0,0,0,0.597519849,0,0,0.350211691,0.039534525,0,0,0.011141178,0.00130021
"SULFUC",2005,0.000105642,0,0.0001544,3.25e-05,0,0,0,0,0.597853027,0,0,0.350122301,0.039290735,0,0,0.011141178,0.00130021
"SULFUC",2007,0.000113768,0,0.000130021,3.25e-05,0,0,0,0,0.365001585,0,0,0.298113882,0.324207481,0,0,0.011076168,0.001324589
"SULFUC",2008,9.75e-05,0,5.69e-05,5.69e-05,0,0,0,0,0.276099694,0,0,0.267493926,0.443802466,0,0,0.011019284,0.001373347
"SULFUC",2009,0.000113768,0,4.06e-05,0.000162526,0,0,0,0,0.270671315,0,0,0.264438431,0.452180697,0,0,0.011019284,0.001373347
"SULFUC",2010,0.000105642,0,4.06e-05,0.000178779,0,0,0,0,0.269330473,0,0,0.263455147,0.454496697,0,0,0.011019284,0.001373347
"SULFUC",2011,0.000105642,0,4.06e-05,0.000178779,0,0,0,0,0.26739641,0,0,0.262772536,0.457064612,0,0,0.011068042,0.001373347
"SULFUC",2012,0.000113768,0,4.88e-05,0.000186905,0,0,0,0,0.263763947,0,0,0.268371568,0.455057412,0,0,0.011084294,0.001373347
"SULFUC",2014,0.000105642,0,4.06e-05,0.000203158,0,0,0,0,0.267120115,0,0,0.28936184,0.430710971,0,0,0.011124926,0.001332716
"SULFUC",2015,0.000105642,0,4.06e-05,0.000203158,0,0,0,0,0.269379231,0,0,0.30464744,0.413150004,0,0,0.011173684,0.00130021
"SULFUC",2016,0.000105642,0,4.06e-05,0.000203158,0,0,0,0,0.270663189,0,0,0.345214007,0.371299479,0,0,0.011173684,0.00130021
"SULFUC",2019,0.000105642,0,4.88e-05,0.000203158,0,0,0,0,0.251858895,0,0,0.626969616,0.108315659,0,0,0.011157431,0.001340842
"VALEYC",1992,0.003950165,0.000905913,0.004859279,0.002535276,1.92e-05,0,0.011738457,4.16e-05,0.679399601,0,0,0.175721529,0.05992471,0.001152398,0,0.013233373,0.046518477
"VALEYC",1993,0.003972573,0.000905913,0.004897693,0.002535276,1.92e-05,0,0.011735256,2.56e-05,0.68061282,0,0,0.17459474,0.059787062,0.001149197,0,0.01319496,0.046569694
"VALEYC",1994,0.004026992,0.000905913,0.004910497,0.002538477,1.92e-05,0,0.011728853,3.2e-06,0.681630772,0,0,0.173557582,0.059748649,0.001149197,0,0.012983687,0.046796973
"VALEYC",1998,0.004161438,0.000905913,0.005297831,0.002554483,1.92e-05,0,0.011613614,0,0.684575789,0,0,0.169754667,0.060129581,0.001152398,0,0.012916464,0.046918615
"VALEYC",1999,0.004132628,0.000905913,0.005310635,0.002583293,1.92e-05,0,0.011610413,0,0.685225614,0,0,0.169085636,0.060142385,0.001152398,0,0.012916464,0.046915414
"VALEYC",2000,0.004078209,0.000905913,0.005358652,0.002586494,1.92e-05,0,0.01160401,0,0.685427284,0,0,0.16889357,0.060177597,0.001152398,0,0.012878051,0.046918615
"VALEYC",2001,0.00399178,0.000905913,0.005361853,0.002586494,1.92e-05,0,0.011610413,0,0.685584138,0,0,0.168675894,0.060324848,0.001152398,0,0.012878051,0.046909012
"VALEYC",2002,0.004007785,0.000905913,0.00529463,0.002660119,1.92e-05,0,0.01160401,0,0.686035494,0,0,0.168208533,0.06033125,0.001152398,0,0.012881252,0.046899408
"VALEYC",2003,0.004068606,0.000905913,0.00529463,0.00266332,1.92e-05,0,0.011578401,0,0.685987477,0,0,0.16817012,0.060376066,0.001152398,0,0.012890855,0.046893006
"VALEYC",2004,0.004116623,0.000905913,0.005288228,0.002695332,1.92e-05,0,0.011562396,3.2e-06,0.685731389,0,0,0.168307767,0.060433686,0.001152398,0,0.012887654,0.046896207
"VALEYC",2005,0.004030193,0.000905913,0.005365054,0.002717739,1.28e-05,0,0.011562396,3.2e-06,0.685539322,0,0,0.167926836,0.060977874,0.001155599,0,0.012910062,0.046893006
"VALEYC",2006,0.004033394,0.000905913,0.005397065,0.002756153,1.28e-05,0,0.011565597,3.2e-06,0.68249507,0,0,0.166559963,0.065302569,0.001155599,0,0.012945274,0.046867397
"VALEYC",2007,0.00399178,0.000905913,0.00538106,0.002768957,1.28e-05,0,0.011568798,3.2e-06,0.677056391,0,0,0.163963866,0.073388563,0.001126789,0,0.012926067,0.046905811
"VALEYC",2008,0.004026992,0.000905913,0.005342646,0.00283618,1.28e-05,0,0.011571999,3.2e-06,0.676941151,0,0,0.163646956,0.073743886,0.001123588,0,0.012926067,0.046918615
"VALEYC",2009,0.004042997,0.000905913,0.005188993,0.003005839,1.92e-05,0,0.011562396,3.2e-06,0.676816308,0,0,0.163266025,0.074224052,0.001123588,0,0.012948475,0.046893006
"VALEYC",2010,0.004014187,0.000905913,0.005163384,0.003041051,1.28e-05,0,0.011559195,3.2e-06,0.675401419,0,0,0.162952316,0.075968655,0.001123588,0,0.012964481,0.046889805
"VALEYC",2011,0.004055802,0.000905913,0.005166586,0.003018643,1.28e-05,0,0.011559195,3.2e-06,0.644283464,0,0,0.161742298,0.108296627,0.001126789,0,0.012929268,0.046899408
"VALEYC",2012,0.003994981,0.000905913,0.005108966,0.003034649,1.28e-05,0,0.011555994,3.2e-06,0.542769981,0,0,0.15546813,0.216186714,0.001123588,0,0.012929268,0.046905811
"VALEYC",2013,0.003930959,0.000905913,0.005163384,0.003044252,9.6e-06,0,0.011552793,3.2e-06,0.44698968,0,0,0.146392993,0.321077364,0.001110784,0,0.012894056,0.046925017
"VALEYC",2014,0.003886143,0.000905913,0.00517939,0.003053855,9.6e-06,0,0.011549592,3.2e-06,0.441880714,0,0,0.145547901,0.327044226,0.001113985,0,0.012954877,0.046870598
"VALEYC",2015,0.003889344,0.000905913,0.005291429,0.003021844,9.6e-06,0,0.01154639,3.2e-06,0.441298113,0,0,0.145384645,0.327668442,0.001142795,0,0.012977285,0.046860995
"VALEYC",2016,0.003924556,0.000905913,0.005368255,0.00300904,9.6e-06,0,0.011555994,3.2e-06,0.436237164,0,0,0.148883454,0.329102538,0.001152398,0,0.012996492,0.046851392
"VALEYC",2017,0.004004584,0.000905913,0.005477093,0.002986632,9.6e-06,0,0.011616815,3.2e-06,0.435686573,0,0,0.157766524,0.320520372,0.001162002,0,0.012951676,0.046909012
"VALEYC",2018,0.004007785,0.000905913,0.005749187,0.00292261,9.6e-06,0,0.011607211,3.2e-06,0.435513714,0,0,0.166409511,0.311938206,0.001062767,0,0.012974084,0.046896207
"VALEYC",2019,0.003988578,0.000905913,0.005867628,0.00286499,6.4e-06,0,0.01169044,3.2e-06,0.434911906,0,0,0.1707182,0.308125688,0.001030756,0,0.012942073,0.046944224
"VALEYC",2021,0.003838126,0.000905913,0.00604689,0.002733745,6.4e-06,0,0.01174806,6.4e-06,0.427674204,0,0,0.2002324,0.285970832,0.000899511,0,0.012830034,0.04710748
