"Ptagis_ID","Year","Q05","Q25","Q50","Q75","Q95","Mean"
"BEARVC",2016,0.042144318,1.454204558,5.619423253,10.60533747,14.61330639,6.270299993
"BEARVC",2020,0,0.89237515,3.751771595,10.03648126,15.05760301,5.682739117
"BEARVC",2017,0,1.339482828,4.88485262,9.815006271,15.34357247,5.929860508
"BEARVC",2018,0.069982195,1.154785054,4.229641874,10.8933494,15.63854888,5.914694373
"BEARVC",2015,0.267217551,2.012315158,5.322928045,11.77423775,15.27789808,6.788420403
"BEARVC",1999,0,0.846495528,4.011697672,8.861826528,14.1692595,5.199191461
"BEARVC",2000,0,1.25142734,5.378418232,9.985519547,15.18429272,6.033585206
"BEARVC",2001,0,0.519430774,4.866185862,11.59923084,15.7626994,6.264860806
"BEARVC",2019,0,0.701746218,4.45860187,10.63204944,14.62041092,5.754341093
"BEARVC",2003,0.365439972,1.258430381,4.089197409,10.37280191,16.10992502,5.970345345
"BEARVC",2004,0,0.880597038,5.904267836,10.22403039,15.28358079,6.062264529
"BEARVC",2021,0,0.603450412,4.540028564,11.91791589,16.17450349,6.205831922
"BEARVC",2002,0,0.692758319,4.508644082,10.72740686,15.38916593,5.90624441
"BEARVC",1998,0,0.842026559,4.035906419,9.606778619,15.50222117,5.702591566
"BEARVC",2014,0,1.304413191,4.341420139,10.60544478,15.41506791,5.800676483
"BEARVC",2013,0,1.203996485,3.992416963,10.77484997,15.44686523,6.104406571
"BEARVC",2024,NA,NA,NA,NA,NA,NA
"BEARVC",1992,0,1.237539305,5.338278059,10.61240653,14.76772733,6.170908839
"BEARVC",2022,NA,NA,NA,NA,NA,NA
"BEARVC",2023,NA,NA,NA,NA,NA,NA
"BEARVC",2012,0.111284436,0.783911104,4.304543754,10.70006044,15.41255949,5.732964607
"BEARVC",1996,0.028595171,1.852753195,4.074892328,7.691111762,14.36052551,5.298638556
"BEARVC",1997,0,0.633284657,3.386222344,9.394188741,13.63436848,5.148963703
"BEARVC",2011,0,0.965411489,3.406797769,10.27324428,14.19444679,5.40639816
"BEARVC",1994,0,0.903288585,5.088988484,11.23086573,15.82661921,6.211946502
"BEARVC",1995,0,1.082598957,3.824075382,8.866752917,13.35109115,5.166857694
"BEARVC",2005,0.004749696,1.743829414,4.536282022,9.809916208,15.14144497,6.044133352
"BEARVC",1993,0,0.642594958,4.289154594,8.987047675,12.38136508,5.073344368
"BEARVC",2006,0,0.841594695,4.535537764,9.982629129,15.41543177,5.870266186
"BEARVC",2007,0,1.225665153,4.595258264,11.69515696,17.01449768,6.590340561
"BEARVC",2009,0,1.234960303,4.28851904,11.37991546,14.7379537,5.918531617
"BEARVC",2010,0.003543945,1.08817641,4.008513805,9.802581649,14.54500789,5.395267759
"BEARVC",2008,0,1.025936931,4.282643921,10.05496877,14.72101775,5.462380518
"BIG2C",1999,0.815884492,1.575865386,4.528050806,9.22425954,14.76394268,5.780556721
"BIG2C",2000,0.745927097,2.000931391,5.521335368,9.838971304,15.49360341,6.554507276
"BIG2C",2001,0.520148378,1.492544041,4.894702388,11.96835643,15.99197499,6.741686352
"BIG2C",2002,0.574021092,1.537666951,5.051725868,11.24161053,15.5360825,6.582035075
"BIG2C",2003,0.95208099,2.022597067,4.866742149,11.06688685,16.42375166,6.62642526
"BIG2C",2004,0.813833819,1.701248341,5.937418302,10.85774916,15.47974818,6.608521985
"BIG2C",2005,0.865657533,2.308583009,5.403655816,10.26779438,15.70812789,6.708849467
"BIG2C",2006,0.848465401,1.737668653,5.261675351,10.98458163,15.60983731,6.618403088
"BIG2C",2007,0.499335354,1.887038815,5.114119682,11.94273087,16.90299726,7.002821547
"BIG2C",2008,0.53712806,1.841608996,4.559769458,9.821448465,15.16343286,6.005416828
"BIG2C",2009,0.66883708,2.081657838,4.771514446,11.66194664,15.37809466,6.518252258
"BIG2C",2010,0.737763869,1.835169594,4.517035984,10.27926078,15.00296374,5.98339447
"BIG2C",2011,0.639741133,1.642521954,4.095213757,10.56465854,15.0252553,6.080142174
"BIG2C",2012,0.651416008,1.55981572,5.199588922,11.77667328,16.12686264,6.559965582
"BIG2C",2013,0.685595809,1.831795729,5.023657709,11.72851904,16.21378046,6.837490648
"BIG2C",2014,0.598707843,1.958335014,4.852187792,10.96771024,15.88363537,6.41250546
"BIG2C",2015,1.052990518,2.327707571,5.93904469,12.30922256,15.91298511,7.274478187
"BIG2C",2016,0.814684645,2.109477744,5.934437204,11.15191052,15.45829462,6.901984319
"BIG2C",2017,0.444797125,1.969721356,5.268377837,10.04688735,15.94422657,6.623597227
"BIG2C",2018,1.009370867,1.744847745,4.705295299,11.09540422,16.11509433,6.494795435
"BIG2C",2019,0.722844782,1.473535518,4.989740071,10.89033388,15.26018192,6.407779521
"BIG2C",2020,0.628914522,1.66978716,4.269878081,11.03552741,15.51812992,6.265717778
"BIG2C",2021,0.588453278,1.49527549,5.419850198,12.62988189,16.90581592,7.034594343
"BIG2C",2022,NA,NA,NA,NA,NA,NA
"BIG2C",2023,NA,NA,NA,NA,NA,NA
"BIG2C",2024,NA,NA,NA,NA,NA,NA
"BIG2C",1998,0.792248013,1.583006117,4.361537739,9.46968642,15.70683903,6.248143444
"BIG2C",1994,0.597599271,1.58365878,5.524421399,11.56749219,15.62200452,6.693392927
"BIG2C",1995,0.791972015,1.797656582,4.663847932,9.20580365,14.08480341,5.865797083
"BIG2C",1992,0.647730954,1.825854402,5.472278727,10.69451458,15.17794081,6.669049517
"BIG2C",1993,0.467969084,1.537800618,4.821164643,9.46267878,12.80154411,5.725326325
"BIG2C",1996,0.59256286,1.986738438,4.406290353,8.0452542,14.34622828,5.692871413
"BIG2C",1997,0.466365578,1.44590185,4.331545123,9.880800944,14.04942571,5.774650359
"BIGC",2011,0,0.594266326,2.269104688,8.107705941,11.69203333,4.219239819
"BIGC",2012,0,0.423417477,3.196653013,8.765161226,12.57177216,4.557181859
"BIGC",2015,0,0.829714129,3.894208718,9.817750607,12.40249649,5.184357085
"BIGC",2016,0,0.870795702,3.766591665,8.351936535,11.87160982,4.850019783
"BIGC",2013,0,0.569544839,3.04090354,9.416384862,12.5344938,4.798043535
"BIGC",2014,0,0.759029521,3.161078437,8.505999116,12.5018366,4.538196749
"BIGC",2010,0,0.653061635,2.724061438,7.681904527,11.8009061,4.152250008
"BIGC",2024,NA,NA,NA,NA,NA,NA
"BIGC",1998,0,0.392366848,2.595312075,7.325281302,12.4421706,4.379169936
"BIGC",1999,0,0.582221076,2.92452575,7.291051766,11.6616325,3.968696763
"BIGC",2000,0,0.696045336,3.46395292,7.719828196,12.04094772,4.530129829
"BIGC",2001,0,0.396525766,3.102044992,9.444637898,12.40330342,4.749916978
"BIGC",2002,0,0.678428694,3.180973069,8.457554579,12.02943557,4.651503404
"BIGC",2003,0,0.766821655,3.024527716,8.538825875,12.62979318,4.61627294
"BIGC",2004,0,0.504100307,3.614561249,8.261406174,12.29485581,4.669572796
"BIGC",1992,0,0.750865086,3.431578716,8.469613278,11.87596552,4.779859795
"BIGC",1993,0,0.666054293,3.039428894,7.066360356,10.15241685,3.947874167
"BIGC",1994,0,0.580000445,3.652776066,8.674806964,12.23813257,4.782216452
"BIGC",1995,0,0.723636107,2.924847297,6.67143519,10.9506748,4.054836796
"BIGC",1996,0,0.850753214,2.773959937,5.946418846,11.24347519,3.954799795
"BIGC",1997,0,0.40239587,2.440327019,7.437150212,11.23525489,4.042284989
"BIGC",2006,0,0.756974893,3.372195969,8.651221419,12.3678057,4.644273991
"BIGC",2007,0,0.584742661,3.354867242,9.349614382,13.16106951,5.063734397
"BIGC",2017,0,0.654607004,3.462824023,7.709765983,12.47134465,4.688204015
"BIGC",2005,0,0.863518322,3.136392962,7.628046597,12.17939977,4.682314609
"BIGC",2023,NA,NA,NA,NA,NA,NA
"BIGC",2019,0,0.44059185,3.123707586,8.20887124,12.07718516,4.490834237
"BIGC",2008,0,0.596857596,2.932762254,7.318264062,11.8564133,4.239619541
"BIGC",2009,0,0.815876222,3.126591328,8.978489285,12.0590818,4.69255246
"BIGC",2018,0,0.527964913,2.970730413,8.777174057,12.58964384,4.565191794
"BIGC",2020,0,0.539164752,2.577679757,8.536856555,12.13728172,4.364798503
"BIGC",2021,0,0.414865831,3.201607228,9.588470849,13.10647924,4.919302773
"BIGC",2022,NA,NA,NA,NA,NA,NA
"CAMASC",2019,0,1.09027162,5.159013433,10.722621,15.29424783,6.260201068
"CAMASC",2020,0,1.168609036,4.18125765,10.53059166,15.09696157,6.091826098
"CAMASC",2022,NA,NA,NA,NA,NA,NA
"CAMASC",2023,NA,NA,NA,NA,NA,NA
"CAMASC",2005,0.247760924,1.699621648,5.282969069,9.943320507,15.2093982,6.285558128
"CAMASC",2021,0,1.003848913,5.57201027,12.68660071,16.46282755,6.886318573
"CAMASC",1993,0,0.931629546,4.839283604,9.52432998,12.67165005,5.522287212
"CAMASC",1994,0,1.065268219,5.580038795,11.49146591,15.31319684,6.650324851
"CAMASC",1995,0.255305573,1.278468145,4.260220366,8.819479004,13.80960628,5.566706786
"CAMASC",1992,0.015233534,1.309083732,6.154758268,10.81968406,14.76130173,6.47345607
"CAMASC",2006,0.27069428,1.272939274,5.400686778,10.77641731,15.229605,6.315138679
"CAMASC",2003,0.284608561,1.46072802,4.784994692,10.85556658,16.43013622,6.322746471
"CAMASC",2004,0.082606114,1.313962824,6.694053006,10.44123927,15.10268222,6.524894675
"CAMASC",2018,0.327963195,1.179743359,4.999305699,10.95436169,15.86093622,6.285055196
"CAMASC",2024,NA,NA,NA,NA,NA,NA
"CAMASC",2007,0,1.475229363,5.377807034,11.51172784,16.47535554,6.712139912
"CAMASC",2008,0,1.379893397,4.551314517,10.16735427,14.73170197,5.766374291
"CAMASC",2009,0.005200089,1.652892905,4.805768859,10.93700345,14.87247542,6.123781812
"CAMASC",1999,0.246273747,1.297119203,4.66682942,10.22045373,14.52672937,5.681261198
"CAMASC",2000,0.206380644,1.516589724,6.141465149,10.18722478,15.24159055,6.509176231
"CAMASC",2001,0,0.946499512,5.037600269,11.50129376,15.42889523,6.433875432
"CAMASC",2002,0,0.883443207,5.008750732,10.95051881,15.0806246,6.247752072
"CAMASC",2017,0,1.546954158,5.397842093,10.78299725,15.62202233,6.468315095
"CAMASC",2013,0.00182331,1.405540508,5.611251722,11.97087114,15.9876658,6.668786537
"CAMASC",1996,0.098190446,1.801327661,4.247452132,9.544554827,14.44234369,5.639918031
"CAMASC",1997,0.055724044,1.121516562,3.91493309,9.781716445,13.79006118,5.546115089
"CAMASC",1998,0.069306667,1.043426094,4.372412716,8.961930556,15.14595109,5.837384199
"CAMASC",2012,0.077830284,1.100767224,5.231919378,11.27576888,15.68577151,6.443755542
"CAMASC",2014,0,1.698558721,4.962750189,11.09653176,15.61549793,6.258811378
"CAMASC",2015,0.207298547,1.651260886,5.989502194,12.05708097,15.54980916,6.931514752
"CAMASC",2016,0.149308791,1.669963085,6.780842477,11.08642981,15.42910409,6.82785789
"CAMASC",2010,0.013137628,1.272729676,3.878177186,9.529861474,14.65784043,5.498260991
"CAMASC",2011,0.04702963,1.146796744,4.003670049,10.75625686,14.57154624,5.861211384
"CAPEHC",2015,0.080507513,1.172165461,3.555495468,8.725022864,11.57580297,4.874934834
"CAPEHC",2016,0,0.931912,3.971696147,7.950118255,11.08616869,4.549040821
"CAPEHC",1993,0,0.664994577,2.675265499,6.469878272,9.383071666,3.686350069
"CAPEHC",2013,0,0.64938255,2.612440477,8.210521491,11.97079858,4.425413354
"CAPEHC",2003,0.000998867,0.591213599,2.769504965,7.422305971,12.42860877,4.329311311
"CAPEHC",1992,0,0.753444481,3.551737936,7.95737129,11.45535344,4.565880029
"CAPEHC",2002,0,0.741544635,3.005348994,8.211372275,11.79006438,4.401534405
"CAPEHC",2005,0,0.898070623,3.035850386,7.401315245,11.82142505,4.508306835
"CAPEHC",1999,0,0.624644546,2.686734193,6.865447695,10.86138893,3.798058357
"CAPEHC",2017,0,0.571987503,3.269918139,6.657902261,11.55363128,4.207988222
"CAPEHC",2004,0,0.421466555,4.061319987,7.762673632,11.82328466,4.48402956
"CAPEHC",1998,0,0.450894407,2.613650177,7.003213667,11.99932848,4.195276129
"CAPEHC",2019,0,0.432165548,3.009142131,7.336431695,11.18387051,4.139118912
"CAPEHC",2000,0,0.628402039,3.75228028,7.570064498,11.7927211,4.464412399
"CAPEHC",2001,0,0.435026225,3.244760057,9.104328424,12.32122604,4.763778668
"CAPEHC",2014,0.038292103,0.699067495,2.808148513,7.90069135,11.68028881,4.158258801
"CAPEHC",1997,0,0.356324288,2.007484771,6.753055678,10.49869473,3.720276623
"CAPEHC",1994,0,0.518493846,3.912815785,8.60148496,12.35523091,4.742901044
"CAPEHC",1995,0,0.719987676,2.515100281,6.265360447,10.34184448,3.7565001
"CAPEHC",2018,0.065877147,0.477694509,2.600256271,7.866811266,11.90833639,4.233201674
"CAPEHC",2012,0.102107597,0.534211788,3.005780653,7.854756643,11.7395971,4.196942827
"CAPEHC",2009,0,0.714220352,2.80245103,8.325690863,11.15921342,4.232918451
"CAPEHC",2010,0,0.55067864,2.477712221,7.006100252,11.04275551,3.830159094
"CAPEHC",1996,0,0.901073375,2.551375537,5.408018348,10.99187122,3.765112712
"CAPEHC",2007,0,0.572024492,3.085309889,9.296786168,13.28089724,5.019691506
"CAPEHC",2008,0,0.58791434,2.654581121,7.329462332,11.33349299,4.055468067
"CAPEHC",2023,NA,NA,NA,NA,NA,NA
"CAPEHC",2011,0,0.714504223,2.155395694,7.321705585,10.72616241,3.887576051
"CAPEHC",2020,0,0.466248962,2.254697296,7.758011979,11.5008278,4.172833697
"CAPEHC",2021,0,0.478942759,3.213445965,9.030081393,12.66611563,4.668791967
"CAPEHC",2022,NA,NA,NA,NA,NA,NA
"CAPEHC",2006,0,0.792856287,3.195277958,7.842204358,11.98601196,4.399914524
"CAPEHC",2024,NA,NA,NA,NA,NA,NA
"CHAMBC",2008,0.01519824,1.073143412,3.828544985,7.995138304,13.12931315,4.88531232
"CHAMBC",2021,0.062079898,0.830507906,4.242113136,10.90883129,15.11375732,5.949410487
"CHAMBC",2009,0.215765433,1.251875834,4.007068769,10.00322124,13.43818423,5.354141774
"CHAMBC",2007,0.057962859,1.214083372,4.173978144,10.20779628,14.94266789,5.788853431
"CHAMBC",2020,0.136756145,0.967001738,3.303183756,9.263995559,13.60076942,5.207184864
"CHAMBC",1992,0.103318385,1.081334239,4.711461107,9.341755111,13.2861568,5.580553387
"CHAMBC",1993,0.020808628,0.921475084,4.015535526,8.181680592,11.49036511,4.7560753
"CHAMBC",2022,NA,NA,NA,NA,NA,NA
"CHAMBC",2010,0.367338152,1.088756498,3.719860202,8.856655439,13.22010137,5.0501418
"CHAMBC",2011,0.172131477,0.998892913,3.171112932,8.463809201,13.14663401,4.858770673
"CHAMBC",2024,NA,NA,NA,NA,NA,NA
"CHAMBC",2018,0.36662352,0.94407619,3.75159367,9.29823672,14.20373739,5.335990029
"CHAMBC",2019,0.240086447,0.816855651,4.086711235,9.385174908,13.56176005,5.369919832
"CHAMBC",2006,0.265095929,1.103309378,4.412623607,9.198791312,13.81508928,5.523931885
"CHAMBC",2016,0.290412767,1.409396489,5.657036699,9.21545031,13.15123868,5.734052482
"CHAMBC",2017,0.058913637,1.297598129,4.347040255,8.781855339,14.32919629,5.664263055
"CHAMBC",1994,0.224716257,0.971606841,4.885787257,9.854886375,13.89331651,5.569011782
"CHAMBC",2023,NA,NA,NA,NA,NA,NA
"CHAMBC",2005,0.243690166,1.500398784,4.231158448,8.747124149,13.76735855,5.522282026
"CHAMBC",1996,0,1.218367103,3.343081824,6.367123759,12.50190702,4.470273214
"CHAMBC",2003,0.335992777,1.291139625,4.101552757,8.799249853,14.14194443,5.350425482
"CHAMBC",2004,0.213487078,0.89857859,4.873721972,9.414420745,13.84298522,5.464397071
"CHAMBC",1995,0.180865722,1.098907116,3.677824215,7.750968926,12.40390445,4.808574304
"CHAMBC",2015,0.176974167,1.395692482,4.775828582,10.16530849,13.81885826,5.996185376
"CHAMBC",2012,0.131632751,0.829597906,4.105366286,9.793112394,14.16105322,5.31792475
"CHAMBC",2013,0.123104226,1.033018329,3.893235146,10.16978341,14.40611875,5.654540741
"CHAMBC",2014,0.278929609,1.343752027,3.904260779,9.147038444,14.0521803,5.226208353
"CHAMBC",1998,0.164165616,0.88694171,3.340944027,8.110298899,14.2218831,5.194459656
"CHAMBC",2000,0.086258354,1.250682092,4.904087156,7.946460315,13.51213463,5.367874098
"CHAMBC",2001,0.037419386,0.77955892,3.790271394,10.28101881,14.08074127,5.539061127
"CHAMBC",2002,0.162887769,1.015096149,3.787361398,9.249067396,13.59147243,5.278726487
"CHAMBC",1999,0.2079411,1.070807037,3.687225162,7.163181938,12.94714916,4.678262033
"CHAMBC",1997,0,0.785505627,3.221414967,8.214141241,12.37647329,4.655371897
"CHAMWF",2007,0,0.981026827,3.902033047,9.700484644,13.99505867,5.546995399
"CHAMWF",2008,0,0.977862206,3.641137074,8.010433331,12.62091834,4.734819069
"CHAMWF",2009,0.046626985,1.107362473,3.781359798,9.531107828,12.84488366,5.119551567
"CHAMWF",2010,0.044386562,0.917343298,3.33327323,8.463261946,12.64340313,4.767054168
"CHAMWF",2011,0,0.749834789,2.926626498,8.503145479,12.60456691,4.673794454
"CHAMWF",2003,0.000464236,1.047035587,3.75616361,8.865983949,13.57987046,5.103093617
"CHAMWF",2004,0.002445241,0.76364812,4.492490672,8.875321292,13.16152072,5.199034377
"CHAMWF",2005,0,1.168415976,4.014751192,8.424026457,13.12735396,5.260036831
"CHAMWF",2006,0.13357881,1.015689078,4.185236183,9.474016695,13.19503398,5.312996702
"CHAMWF",2020,0,0.758630166,2.928542808,9.169213467,13.02464606,4.968303116
"CHAMWF",2021,0,0.612610235,4.297891887,10.54380512,14.30386492,5.637150391
"CHAMWF",2022,NA,NA,NA,NA,NA,NA
"CHAMWF",2023,NA,NA,NA,NA,NA,NA
"CHAMWF",2024,NA,NA,NA,NA,NA,NA
"CHAMWF",2012,0,0.687351963,4.062380569,9.493495572,13.51492103,5.092158235
"CHAMWF",2013,0,0.897568835,3.781995965,10.38058804,13.66684007,5.427452052
"CHAMWF",2014,0.137758855,1.150907627,3.647177272,8.869875585,13.39939902,4.993967114
"CHAMWF",2015,0.007538821,1.102059728,4.588120894,10.22757287,13.31542164,5.674475662
"CHAMWF",2016,0.111685847,1.156337503,4.888751454,9.350381456,12.69966525,5.489687035
"CHAMWF",2017,0,1.076079914,4.093355232,9.464570398,13.6261627,5.436430639
"CHAMWF",2018,0.133865711,0.754652311,3.340910736,9.325012763,13.44092746,5.041998276
"CHAMWF",2019,0,0.617840587,3.795347736,9.271102306,12.94748281,5.109692399
"CHAMWF",1992,0,0.849990414,4.58262053,9.029982273,12.93236576,5.350516551
"CHAMWF",1993,0.018106765,0.774757827,3.719775957,8.231399797,10.97522802,4.615231243
"CHAMWF",1994,0,0.76554502,4.459205753,9.287861543,13.22720797,5.336028284
"CHAMWF",1995,0.091516308,0.922553911,3.392021927,8.438946762,11.9189495,4.655253844
"CHAMWF",1996,0,1.017782465,3.175844719,6.590505071,12.09412015,4.3568755
"CHAMWF",1997,0,0.622334141,3.021772312,8.177061265,12.0804164,4.54872397
"CHAMWF",1998,0,0.751085103,3.188910679,8.358711311,13.499196,5.02077081
"CHAMWF",1999,0.062703979,0.9684818,3.515932314,8.108765468,12.42556306,4.586491906
"CHAMWF",2000,0.001419196,1.033857257,4.62294988,8.85763192,12.9518348,5.227514655
"CHAMWF",2001,0,0.600044843,3.679004981,10.0556217,13.3660144,5.280281828
"CHAMWF",2002,0,0.793916029,3.709265144,9.137299288,12.90200147,5.110321309
"SALREF",2007,0.252157071,2.06269996,6.333126749,13.22873546,17.88367578,7.761774564
"SALREF",2008,0.177526875,1.872743195,5.222033887,11.11707188,16.1715629,6.55197101
"SALREF",2019,0.342721045,1.503065511,6.068123157,10.80257975,16.0552314,6.74281271
"SALREF",2020,0.225670053,1.292592871,4.940890567,11.25929021,16.64675961,6.739506877
"SALREF",2010,0.514320782,1.867558991,4.753589785,10.26011644,15.42105983,6.191589438
"SALREF",2006,0.635510141,1.622391744,5.922217267,11.18162445,16.5373968,6.905386281
"SALREF",2018,0.759058816,1.874712057,5.640883851,11.7543194,17.09914436,7.04478315
"SALREF",2005,0.604087692,2.391084654,5.617544992,10.57127004,16.1306216,6.790060236
"SALREF",2015,0.765869262,2.720111716,6.856920467,12.64501734,16.23270419,7.559056435
"SALREF",1992,0.390103687,1.742113824,7.061088114,11.97073545,16.02708958,7.208731114
"SALREF",2021,0.234243034,1.343864273,6.54798324,13.13081248,17.84808483,7.585957487
"SALREF",2009,0.41391622,2.211379991,5.816479901,12.19975363,15.75203112,6.889532398
"SALREF",2004,0.466967011,1.649176329,7.20077494,11.42941809,16.15342027,7.096648277
"SALREF",2016,0.431829524,2.203448484,7.204725283,11.50239633,16.22256218,7.283109772
"SALREF",2017,0.045068039,1.961198352,5.74459909,10.18381732,16.25449589,6.864608008
"SALREF",2003,0.785727712,1.873169956,5.315856594,12.21286409,17.4513929,7.091789626
"SALREF",2022,NA,NA,NA,NA,NA,NA
"SALREF",2023,NA,NA,NA,NA,NA,NA
"SALREF",2011,0.547117534,1.654172523,4.392562896,11.13758836,15.08531456,6.36207211
"SALREF",1993,0.245877166,1.228344447,5.533384708,9.674594681,13.41852253,5.968175201
"SALREF",2013,0.227804873,1.855561779,5.93246575,12.02076432,16.74745452,7.174218628
"SALREF",2014,0.257432322,2.419068027,5.575639135,11.86984276,16.05697863,6.85284675
"SALREF",1999,0.675769271,1.643990753,5.405962017,10.65542629,15.58825695,6.382439648
"SALREF",2012,0.677191148,1.672259712,6.04428099,12.03861565,16.5695557,6.954960018
"SALREF",2001,0.283019191,1.398526003,5.625648443,12.61143941,16.62229456,7.227012673
"SALREF",2002,0.213998343,1.257028948,5.756372954,11.83687129,16.52132224,7.008655679
"SALREF",1995,0.525389105,1.618118947,4.981231354,9.603555502,14.44282806,5.960028024
"SALREF",2000,0.435879761,1.912513595,6.900139548,11.2196698,16.66726056,7.296211576
"SALREF",1996,0.349825011,2.240199121,5.012845746,10.02509041,15.38816447,6.349565827
"SALREF",1994,0.237775326,1.359151168,6.263657018,12.51287606,16.67313281,7.341464635
"SALREF",1998,0.4027801,1.469568192,4.955480892,9.50448961,16.290454,6.509223608
"SALREF",2024,NA,NA,NA,NA,NA,NA
"SALREF",1997,0.545353301,1.563064351,4.447271762,10.69070217,15.08499169,6.388587562
"ELKC",2022,NA,NA,NA,NA,NA,NA
"ELKC",2023,NA,NA,NA,NA,NA,NA
"ELKC",1997,0,0.532373928,3.216778938,9.153388474,13.35901211,4.980556281
"ELKC",2024,NA,NA,NA,NA,NA,NA
"ELKC",1996,0,1.641298106,3.865866526,7.484297396,14.11921758,5.125798687
"ELKC",2009,0,1.106126191,4.134002717,11.17457717,14.49883597,5.776354248
"ELKC",1992,0,1.103690046,5.03008469,10.38343961,14.52847362,5.968180155
"ELKC",1993,0,0.542825357,4.082487376,8.74327616,12.10783132,4.893043485
"ELKC",1994,0,0.743443744,4.949076685,10.96218468,15.58810891,6.045736436
"ELKC",1995,0,0.940894099,3.576368383,8.558414079,13.01110946,4.975625779
"ELKC",2021,0,0.483401847,4.198801611,11.87493427,16.08952937,6.08569878
"ELKC",2000,0,1.153238141,5.146829913,9.719588671,14.94700554,5.860917901
"ELKC",2010,0,1.021754157,3.731931093,9.598517758,14.31739315,5.233940616
"ELKC",1998,0,0.751809034,3.796272224,9.388962717,15.2776524,5.546463937
"ELKC",1999,0,0.73597556,3.84583746,8.666282183,13.93691071,5.032113555
"ELKC",2005,0,1.596190506,4.468059387,9.576741875,14.88738196,5.901708769
"ELKC",2002,0,0.576821096,4.386614196,10.54308224,15.09724759,5.749551339
"ELKC",2003,0.27901816,1.203451284,3.958147611,10.14554676,15.89039396,5.826994008
"ELKC",2004,0,0.782786015,5.735995244,9.985586086,15.06553329,5.900431046
"ELKC",2020,0,0.753817203,3.556681082,9.838642426,14.86185738,5.51994482
"ELKC",2006,0,0.795313003,4.386807869,9.775774924,15.1950231,5.728012676
"ELKC",2007,0,1.074857706,4.408234942,11.48683649,16.78208509,6.445402489
"ELKC",2008,0,0.921022768,4.142278875,9.845380164,14.50906078,5.323423239
"ELKC",2012,0.010016014,0.651235576,4.081339655,10.45429958,15.19088252,5.548786471
"ELKC",2013,0,1.047623851,3.921801865,10.51745667,15.19105891,5.932864305
"ELKC",2001,0,0.460218772,4.608314669,11.37895725,15.45970894,6.098104017
"ELKC",2011,0,0.853540361,3.239663215,10.10097438,13.94234586,5.236330844
"ELKC",2014,0,1.123302771,4.218816856,10.36528744,15.10177108,5.60849145
"ELKC",2015,0.19371615,1.846567361,5.078480555,11.54770333,15.04187915,6.596451039
"ELKC",2016,0,1.447605484,5.636645515,10.41471705,14.36136906,6.12404956
"ELKC",2017,0,1.228380535,4.693497064,9.583865499,15.09823648,5.754173339
"ELKC",2018,0,0.974409333,3.921219807,10.68770383,15.4354643,5.720072677
"ELKC",2019,0,0.566153993,4.384811526,10.36097669,14.31456275,5.57768694
"HERDC",2000,0.07462197,1.465425124,5.833548719,10.43165529,15.21587807,6.391221228
"HERDC",2005,0.273399079,1.690950451,4.539830661,9.405454467,14.60966364,5.886643314
"HERDC",1999,0.266815761,1.205047288,4.545403079,9.830730447,14.09257644,5.528579426
"HERDC",2012,0.053665228,1.064233289,4.910200819,10.97761827,15.13560091,6.141990963
"HERDC",2024,NA,NA,NA,NA,NA,NA
"HERDC",2013,0.10837265,1.352432698,5.147122911,10.79355616,15.20477252,6.311745146
"HERDC",2001,0,0.922642588,4.989811325,11.25319993,14.87952686,6.276060147
"HERDC",2002,0.062896641,1.065681217,4.947197628,10.7393957,14.75039714,6.251705861
"HERDC",2003,0.484624607,1.510956672,4.487371894,10.9525961,15.85090801,6.228644029
"HERDC",2004,0.204753761,1.355651092,6.094975518,10.3527896,14.49448356,6.330988665
"HERDC",2017,0,1.397907053,5.053149095,9.094076011,14.74473778,6.057230319
"HERDC",2006,0.308986283,1.283847835,4.969014337,10.20558847,14.64320913,6.016632698
"HERDC",2007,0,1.343385116,5.232830832,11.85048543,15.86981835,6.741258087
"HERDC",2008,0,1.323873591,4.444229473,9.841095973,14.45975878,5.694017796
"HERDC",2009,0.020128593,1.528780357,4.637103976,10.58850982,14.13294203,5.975432537
"HERDC",2010,0.09268022,1.22990821,3.821218201,9.490674533,14.1981165,5.321446333
"HERDC",2011,0.040655864,1.122216786,3.661915746,10.18311152,13.79887608,5.589640784
"HERDC",1998,0.018738193,0.981931807,4.06710755,8.819214104,14.74396568,5.60801924
"HERDC",2015,0.239068211,2.024263379,5.918157474,11.53194488,14.79917241,6.739458841
"HERDC",2016,0.098909171,1.562076156,5.815493794,10.36218106,14.60972147,6.349020696
"HERDC",2018,0.395162253,1.201091437,4.925914536,10.59053061,15.35760075,6.124088695
"HERDC",2014,0,1.488426548,4.514737319,10.73756791,14.84777255,6.019116669
"HERDC",2020,0,1.010613328,4.121776296,10.23957009,14.71385145,5.899631465
"HERDC",2021,0,1.056497307,5.334446937,12.13044468,15.84237168,6.662313445
"HERDC",2022,NA,NA,NA,NA,NA,NA
"HERDC",2019,0.064815563,1.137168149,4.983983477,9.957975672,14.45591757,5.875499143
"HERDC",1997,0.260106441,1.169927982,3.727082989,9.982015844,13.73512056,5.670073699
"HERDC",1992,0.005688103,1.194616429,6.273295388,10.4988925,14.65105536,6.354508378
"HERDC",1993,0.021633426,0.901858166,4.505162972,8.852143174,12.34518461,5.256700229
"HERDC",2023,NA,NA,NA,NA,NA,NA
"HERDC",1995,0.273259598,1.273328499,4.117508742,8.125997495,13.16052299,5.187291511
"HERDC",1996,0.036574308,1.547998187,4.126996651,9.449632375,14.35015797,5.585224078
"HERDC",1994,0,1.02906268,5.133943206,11.06742651,15.03827038,6.42045964
"SALRSF",2012,0.221932486,0.897753027,4.272530576,10.37354689,15.24098682,5.74487293
"SALRSF",2023,NA,NA,NA,NA,NA,NA
"SALRSF",2024,NA,NA,NA,NA,NA,NA
"SALRSF",2013,0,1.421720204,4.488215293,10.73247247,15.22227516,6.146777442
"SALRSF",2011,0.035130571,1.053116957,3.607010384,9.782254106,14.05662447,5.363103046
"SALRSF",2002,0,0.904256346,4.461746565,10.34899118,14.64175392,5.781692298
"SALRSF",2019,0,0.805679228,4.375213496,10.55187888,14.44564559,5.788323705
"SALRSF",2020,0.004168367,1.056988051,4.070939329,9.935763279,14.72622346,5.627916184
"SALRSF",2021,0.050945627,0.680807082,4.534981901,11.52564215,15.98181469,6.141835596
"SALRSF",2022,NA,NA,NA,NA,NA,NA
"SALRSF",2010,0.115574395,1.233055914,4.009952017,9.76958521,14.23987566,5.377457959
"SALRSF",1998,0.021176009,0.994965431,3.632797602,9.119391396,14.87223532,5.458609815
"SALRSF",1999,0,0.752128307,3.952857703,8.048102599,13.59206899,4.890208283
"SALRSF",2000,0.055313661,1.218306972,4.826088346,9.435244782,14.75296685,5.800629069
"SALRSF",2001,0,0.689393023,4.659240881,11.06911843,15.09384423,6.015183723
"SALRSF",2014,0,1.500384242,4.474528084,10.535875,15.24131984,5.818011725
"SALRSF",2015,0.313767929,1.959425858,5.680305804,11.46619957,15.07103341,6.752698873
"SALRSF",2016,0.222202266,1.615925985,5.131418324,10.4368901,14.34989741,6.271701312
"SALRSF",2017,0,1.565007845,4.962814632,9.911052339,15.38555592,6.081571782
"SALRSF",2018,0.438046981,1.293015692,4.250205764,10.92121134,15.43303048,6.006900814
"SALRSF",1994,0.027430515,0.978114802,4.934616112,10.65133188,15.15846204,6.02190767
"SALRSF",1995,0.144900571,1.15373236,3.761431269,8.677724449,12.99900471,5.023178472
"SALRSF",1996,0.155468166,1.697512264,3.756563483,7.579562182,13.6479546,5.200905559
"SALRSF",1997,0.007552104,0.816921767,3.511227138,8.990906022,13.03019359,5.048871726
"SALRSF",1993,0,0.633821173,3.959665433,8.541470232,11.9763992,4.893443681
"SALRSF",2006,0.038296278,0.90786429,4.165987487,9.293419414,14.76455139,5.665432779
"SALRSF",2003,0.3605918,1.340787184,3.997681156,9.450167606,15.35773667,5.745815418
"SALRSF",1992,0,1.15086346,4.727797669,10.21009403,14.28950314,5.947820934
"SALRSF",2009,0.050014469,1.226279123,4.264061176,11.0277603,14.52648026,5.921813617
"SALRSF",2005,0.21368851,1.61671372,4.556400135,9.638065815,14.8819551,5.949898375
"SALRSF",2007,0,1.272330255,4.635009486,11.43331138,16.18672941,6.432645123
"SALRSF",2008,0,1.20708544,4.206379024,9.922680316,14.38383579,5.408948789
"SALRSF",2004,0,0.928449901,5.303001559,9.992031138,14.97812507,5.919476589
"LAKEC",2002,0,0.678667443,3.32015625,8.699317124,12.63431877,4.623946894
"LAKEC",2000,0,0.732239984,4.157894574,7.10009755,12.89898292,4.650766231
"LAKEC",2001,0,0.59144667,3.656047758,9.509494227,13.49929368,5.035956855
"LAKEC",2013,0,0.775238081,3.401475168,8.620185795,13.61498813,4.993341098
"LAKEC",2014,0,0.966331224,3.581888778,8.383713662,12.81745004,4.686782525
"LAKEC",2015,0.121785174,1.121090785,4.293929269,9.128805085,13.06897335,5.476723023
"LAKEC",2012,0.028729482,0.528047267,3.693444163,8.840389192,13.43117378,4.70216061
"LAKEC",1992,0,0.71688875,4.135995722,8.626841997,12.914608,5.039354766
"LAKEC",1993,0,0.577016691,2.979440181,7.13008512,10.27113639,4.016677114
"LAKEC",1994,0,0.580347619,4.07207477,8.744439131,13.51906236,5.045166804
"LAKEC",2016,0.00531329,1.055625778,4.795571471,8.673450546,12.67608545,5.108180144
"LAKEC",2024,NA,NA,NA,NA,NA,NA
"LAKEC",2017,0,0.938683207,3.64613757,8.092727775,13.86051199,5.02490629
"LAKEC",2005,0.005394307,1.320361931,3.51885347,8.255693108,13.2177258,5.055445181
"LAKEC",2006,0.007887305,0.766334672,3.647570426,7.863017772,13.00030536,4.835157925
"LAKEC",1995,0,0.686677185,2.804367174,6.827490391,10.86976482,4.051486046
"LAKEC",1996,0,0.940560578,2.820930768,5.689843466,11.41880057,3.90158824
"LAKEC",1997,0,0.422190834,2.21262731,7.311046963,11.11478509,3.951814882
"LAKEC",1998,0,0.562051205,2.860006987,7.614206331,13.20304596,4.566629307
"LAKEC",1999,0,0.430719656,2.667250583,6.121393216,11.32168493,3.803263344
"LAKEC",2023,NA,NA,NA,NA,NA,NA
"LAKEC",2003,0.15964357,0.865610066,3.237917936,7.915702768,13.56066652,4.673249874
"LAKEC",2004,0,0.578733847,4.301441549,8.243999195,13.23796527,4.829941846
"LAKEC",2018,0.209467179,0.728448772,3.21404883,8.63091464,13.85107887,4.887828587
"LAKEC",2007,0,0.884765813,3.549985609,8.968816842,14.5184724,5.334714494
"LAKEC",2008,0,0.753206994,3.179505982,7.517751725,12.2916709,4.358896258
"LAKEC",2009,0,0.990846723,3.207030539,9.301393031,12.83686623,4.896396875
"LAKEC",2010,0.03987556,0.745033848,2.812530722,7.908410645,12.76222113,4.396765704
"LAKEC",2011,0,0.668191889,2.575984407,7.417244453,11.69520496,4.25746984
"LAKEC",2022,NA,NA,NA,NA,NA,NA
"LAKEC",2019,0,0.555447048,3.408121183,8.07926739,12.76524402,4.712898845
"LAKEC",2020,0,0.57359194,2.952757276,8.08692263,13.14540351,4.588744513
"LAKEC",2021,0,0.521137163,3.329227399,9.354634812,14.10690788,5.126760032
"LOONC",2011,0.593253135,1.371929251,3.098492253,9.105092947,12.54404215,4.969098321
"LOONC",2012,0.781363439,1.28034513,4.026924787,9.50027708,13.70847242,5.369582496
"LOONC",2013,0.501098759,1.488275901,3.583076765,9.545383725,13.83831972,5.599940657
"LOONC",2010,0.598020144,1.281752224,3.207103985,8.473491377,12.72438918,4.761750067
"LOONC",2021,0.390969828,1.106846107,4.139712105,10.88600413,14.54475606,5.863523589
"LOONC",2022,NA,NA,NA,NA,NA,NA
"LOONC",2023,NA,NA,NA,NA,NA,NA
"LOONC",2024,NA,NA,NA,NA,NA,NA
"LOONC",2009,0.599616115,1.562108628,3.884859977,9.6554919,13.10007771,5.339757111
"LOONC",1997,0.42489873,1.120610586,2.992337676,8.16416652,12.16404257,4.742508472
"LOONC",1998,0.561050355,1.210241046,3.356015961,8.015852264,13.52195078,5.077737399
"LOONC",1999,0.594399644,1.29438981,3.574922107,8.372677751,12.83086803,4.84790432
"LOONC",2000,0.468723187,1.398720683,4.717907096,8.649535911,13.44836929,5.530903552
"LOONC",2001,0.310646498,1.162248409,4.002967658,9.985286581,13.77572569,5.642392942
"LOONC",2002,0.499678847,1.406684504,3.959731289,9.580411682,13.45479949,5.469878351
"LOONC",2014,0.561258226,1.460725712,3.702676968,9.323620465,13.38008426,5.242718046
"LOONC",2015,0.752568747,1.984304838,4.413745223,10.28165241,13.4237643,5.996085138
"LOONC",2008,0.465305523,1.443646085,3.41514939,8.787102026,13.18015489,5.054670228
"LOONC",2007,0.46927812,1.349286015,4.062187285,10.12925769,14.70720365,5.955848327
"LOONC",2017,0.46849712,1.241471384,3.913695834,8.314709665,13.74560949,5.327345131
"LOONC",2018,0.765218773,1.338678002,3.561499517,9.249857513,14.03512918,5.352513024
"LOONC",2019,0.422665332,1.141088894,3.900970985,9.100401223,13.19429171,5.250054668
"LOONC",2016,0.65536459,1.735313902,4.946561404,9.402758327,13.15839704,5.786814653
"LOONC",2006,0.4899994,1.419819156,4.006081246,9.218981816,13.53553235,5.466197408
"LOONC",1993,0.475863569,1.269837092,3.565258055,7.616992239,10.64137051,4.609382375
"LOONC",1994,0.415568926,1.174587686,4.332401762,9.824015985,13.58184726,5.631901127
"LOONC",2020,0.356798623,1.235679265,3.391038041,8.934626265,13.53840502,5.160047186
"LOONC",1992,0.407850298,1.334673481,4.230083215,9.007673277,13.04685801,5.442751486
"LOONC",2005,0.551993074,1.708349063,3.813318519,8.525750774,13.50251107,5.392839433
"LOONC",1995,0.586985755,1.414782405,3.299384617,7.405446382,11.87853667,4.647571809
"LOONC",1996,0.43405726,1.774948434,3.474783947,6.817082913,12.50956516,4.802230261
"LOONC",2003,0.62336166,1.392931301,3.759009292,9.609120054,14.2395757,5.494713057
"LOONC",2004,0.4763189,1.215694921,4.743134246,8.927078263,13.34705715,5.480791475
"MARSHC",1997,0,0.439895043,2.541862144,8.209030741,12.28029246,4.481025399
"MARSHC",1996,0,1.308907356,3.33414366,6.620337281,12.81598429,4.576557424
"MARSHC",2015,0.047375578,1.516324027,4.439435616,10.20065819,13.3401013,5.764232475
"MARSHC",2014,0,0.892242434,3.618578797,9.22741244,13.5557529,4.944852113
"MARSHC",2008,0,0.671748854,3.385636976,8.72257603,13.11610493,4.789700734
"MARSHC",1998,0,0.471919382,3.280152608,8.358881307,13.83821329,4.983419552
"MARSHC",1995,0,0.792619472,3.130943802,7.824357672,12.00035477,4.476814635
"MARSHC",2007,0,0.831592831,3.820474483,10.88358703,15.36493803,5.952117765
"MARSHC",2012,0,0.564759365,3.754250853,9.311016897,13.57403314,4.961068617
"MARSHC",2009,0,0.961260138,3.640641398,9.777605924,12.79224056,5.05055996
"MARSHC",1999,0,0.581983448,3.341600941,8.309507192,12.57338204,4.536185906
"MARSHC",2011,0,0.679804242,2.756933468,8.893978779,12.38939097,4.602451317
"MARSHC",2021,0,0.35896526,3.823189265,10.58420636,14.5868064,5.447555778
"MARSHC",2000,0,0.859649103,4.651058521,9.018368816,13.56042529,5.314750981
"MARSHC",2010,0,0.699183158,3.107293924,8.386905101,12.63163285,4.525728881
"MARSHC",1994,0,0.574643519,4.825645004,9.905486335,14.28271675,5.531773688
"MARSHC",2002,0,0.577119751,3.717753101,9.65459119,13.68753058,5.171940612
"MARSHC",2022,NA,NA,NA,NA,NA,NA
"MARSHC",2023,NA,NA,NA,NA,NA,NA
"MARSHC",2024,NA,NA,NA,NA,NA,NA
"MARSHC",1993,0,0.50565719,3.447708268,7.83613486,10.81002571,4.357915475
"MARSHC",1992,0,0.870335987,4.385336786,9.343268048,13.19551791,5.34847408
"MARSHC",2013,0,0.882339989,3.332845776,9.450042772,13.78184182,5.264852426
"MARSHC",2001,0,0.466666212,4.0547516,10.63935949,14.47551579,5.622880317
"MARSHC",2005,0,1.210082144,3.843704991,8.682079447,13.62188888,5.309183779
"MARSHC",2016,0,1.123878964,4.930668005,9.301615067,12.79016103,5.394788293
"MARSHC",2003,0.045476838,0.833252133,3.481547363,9.095493692,14.33272315,5.145621014
"MARSHC",2004,0,0.540781931,5.147118515,9.107829547,13.56580903,5.322397677
"MARSHC",2018,0.009787287,0.605522523,3.32606845,9.183915024,13.736638,4.996475332
"MARSHC",2006,0,0.688799597,4.041891325,9.167660774,13.91800152,5.231259712
"MARSHC",2020,0,0.480922562,2.92037274,8.908718928,13.3291812,4.916145991
"MARSHC",2017,0,0.854225106,4.060604442,8.511994111,13.45403506,5.060233748
"MARSHC",2019,0,0.455583882,4.019286906,8.795393908,12.94018382,4.910185476
"RUSHC",1997,0.781004323,1.598520953,4.089461371,9.384514648,13.10922493,5.636146428
"RUSHC",1994,0.804088237,1.740642495,5.544556073,10.76287767,14.2610844,6.573096337
"RUSHC",1995,1.017060953,1.856235214,4.682954516,9.420118555,12.98398403,5.74671692
"RUSHC",1996,0.818985263,2.020692813,4.369888138,8.765776903,13.29503276,5.567127336
"RUSHC",1998,0.826990987,1.697675139,4.321300363,9.379563154,14.46348449,6.050565237
"RUSHC",2023,NA,NA,NA,NA,NA,NA
"RUSHC",2024,NA,NA,NA,NA,NA,NA
"RUSHC",2013,0.902134957,1.890641306,5.32272577,11.73018424,15.01385227,6.681408837
"RUSHC",2022,NA,NA,NA,NA,NA,NA
"RUSHC",1993,0.948637204,1.67052712,4.906532151,9.295697462,12.07865682,5.671808625
"RUSHC",2006,1.025817303,1.967567603,5.310608737,11.20077824,14.46737795,6.446408956
"RUSHC",2007,0.852002647,1.911807726,5.379797483,11.30606638,15.48512733,6.808646977
"RUSHC",2008,0.845871078,1.87591008,4.597442033,9.899422008,14.03797399,5.901026608
"RUSHC",2009,0.952754717,2.075054848,4.918378593,10.8229727,14.07261188,6.307569399
"RUSHC",2010,0.852193075,1.857897737,4.404208254,9.708391817,14.08256611,5.917883001
"RUSHC",2011,0.877991579,1.748587705,4.125742042,10.34209076,13.93797358,5.943620391
"RUSHC",1999,0.916473043,1.84452604,4.679056513,9.817213998,13.67277685,5.705735604
"RUSHC",2000,0.900194523,1.988864097,5.944105061,10.32208909,14.20670512,6.47336273
"RUSHC",1992,0.814759093,1.834556589,5.979008598,10.50798666,13.86073933,6.487980767
"RUSHC",2018,1.030906588,1.706865087,4.632586227,10.80642427,14.76858612,6.275711105
"RUSHC",2019,0.78337222,1.608901594,5.09267023,10.83913362,14.25761645,6.289520216
"RUSHC",2020,0.764327225,1.774132878,4.336923859,11.07788033,14.46410324,6.323285448
"RUSHC",2021,0.662442487,1.58113477,5.573318966,12.09175502,15.5909118,6.859878205
"RUSHC",2001,0.622639506,1.568501547,4.922482486,11.41258404,14.73866313,6.597567879
"RUSHC",2002,0.802537001,1.757354817,5.158350391,11.15352177,14.3460029,6.496643545
"RUSHC",2012,0.748270011,1.667726905,5.324614388,10.99798453,14.87234598,6.419646119
"RUSHC",2004,0.895494953,1.772739494,6.292004821,10.42639263,14.30105971,6.562969076
"RUSHC",2005,0.918077206,2.145340523,5.644795334,10.421221,14.58723387,6.541832427
"RUSHC",2017,0.906664099,2.006396434,5.271821523,10.57290137,14.75304315,6.42508359
"RUSHC",2003,0.974227786,2.032782692,4.776581297,10.71925846,15.0965008,6.413321223
"RUSHC",2015,1.067334869,2.399596813,6.025266657,12.00127807,14.98957894,7.070749984
"RUSHC",2016,0.926090999,2.160447543,6.461663858,10.67330483,14.31631056,6.814544957
"RUSHC",2014,0.963422719,2.121900243,5.070385623,10.8691067,14.70499309,6.332705403
"SECESR",1998,0,0.494529756,3.014820907,7.931717577,14.21458382,4.847424377
"SECESR",2014,0,0.864425074,3.816210492,9.010615327,13.81561965,4.931063481
"SECESR",1997,0,0.203587542,2.451553611,7.983936691,12.06401344,4.24948314
"SECESR",1993,0,0.357922245,3.345943762,7.387435971,11.10156114,4.242277102
"SECESR",1994,0,0.43402958,4.417278733,9.677405294,14.33050106,5.311832075
"SECESR",1995,0,0.58386829,3.078898971,7.507972549,11.75371198,4.349403611
"SECESR",1996,0,1.008820786,3.041504545,6.203201186,12.43298132,4.211527568
"SECESR",2024,NA,NA,NA,NA,NA,NA
"SECESR",2010,0,0.621435494,3.198270322,8.341281725,13.4433929,4.6519001
"SECESR",2011,0,0.479219833,2.745429899,7.99493288,12.70204023,4.514922581
"SECESR",1999,0,0.249932358,3.137011933,6.643421064,12.60924272,4.153106836
"SECESR",2015,0,1.031577153,4.440531686,9.724123701,14.13112837,5.784158573
"SECESR",1992,0,0.627221001,4.285596238,9.197232253,13.68351097,5.329649684
"SECESR",2006,0,0.528271782,3.889662515,8.101302922,13.89425105,5.051375872
"SECESR",2007,0,0.763303999,3.936135234,9.743679089,15.34935009,5.603302399
"SECESR",2008,0,0.55070318,3.438932221,7.713860824,13.01076727,4.532841293
"SECESR",2009,0,0.7951611,3.63451452,10.05403558,13.63308899,5.156339473
"SECESR",2001,0,0.39180141,3.929151052,10.3778818,14.36613359,5.322290935
"SECESR",2002,0,0.404963316,3.515706238,9.17447982,13.65692013,4.921604091
"SECESR",2012,0,0.312276036,4.112659291,9.594964072,14.39485685,5.000702464
"SECESR",2000,0,0.725855399,4.518996965,7.541044724,13.81722792,5.006272659
"SECESR",2005,0,1.347140503,3.606924334,8.843147616,13.96078911,5.252722043
"SECESR",2020,0,0.58507245,3.319255164,8.524658465,13.94838421,4.893765974
"SECESR",2003,0,0.764910495,3.381126102,8.31557067,14.47906302,4.945958271
"SECESR",2004,0,0.473998503,4.563444316,8.855829171,14.0657908,5.152125936
"SECESR",2023,NA,NA,NA,NA,NA,NA
"SECESR",2019,0,0.323548092,3.631781896,8.739541982,13.68759755,5.029371815
"SECESR",2021,0,0.386899124,3.67050275,10.09638341,15.04634131,5.436325663
"SECESR",2022,NA,NA,NA,NA,NA,NA
"SECESR",2013,0,0.642528753,3.342692211,9.430555163,14.40639147,5.24725344
"SECESR",2016,0,0.90345143,5.008080199,9.335896392,13.36561027,5.401063854
"SECESR",2017,0,0.914446421,4.013243421,8.334405114,14.75386096,5.375427081
"SECESR",2018,0,0.658581519,3.416125767,9.401007664,14.77425913,5.162550118
"SULFUC",1994,0.163128999,0.752288844,3.911421305,8.95731848,12.98342207,4.976845581
"SULFUC",1995,0.081912395,0.871188993,2.888165646,6.444599755,10.61577526,3.951095572
"SULFUC",1996,0.063054603,1.271981438,2.891920562,5.783244704,11.32578934,4.014204604
"SULFUC",1993,0.02031952,0.744281213,3.076413317,6.595287934,10.061687,3.950338681
"SULFUC",2012,0.280818664,0.782800727,3.250796341,8.342734582,12.59787192,4.568730395
"SULFUC",2008,0.025992995,0.903319407,2.93456531,7.634650457,12.22877808,4.416012627
"SULFUC",2009,0.175261866,0.944354512,3.31719004,9.221125667,12.36037407,4.788317909
"SULFUC",2011,0.051782703,0.871697338,2.537031788,7.702602741,11.6213297,4.230183028
"SULFUC",2007,0,0.81931538,3.588077649,9.843679696,13.92912546,5.314962802
"SULFUC",2024,NA,NA,NA,NA,NA,NA
"SULFUC",2013,0,0.8238447,3.1284061,8.882642234,12.73713296,4.862887314
"SULFUC",2010,0.233583847,0.777103466,2.852265413,7.725498012,12.03157976,4.285400347
"SULFUC",2023,NA,NA,NA,NA,NA,NA
"SULFUC",2003,0.222260778,0.864761854,3.123619839,7.792980908,13.03627256,4.653243537
"SULFUC",2004,0.025702281,0.601978118,4.20416007,8.292184765,12.66374234,4.836975479
"SULFUC",2005,0.143599966,1.163753412,3.364523052,7.988050391,12.60751592,4.858034991
"SULFUC",2006,0.019023156,0.919422946,3.438224114,7.113491424,12.55412945,4.640808257
"SULFUC",1992,0.036513144,0.939043118,3.810423956,8.210338206,12.12497702,4.841739842
"SULFUC",2019,0.14205855,0.634517318,3.529969603,8.584057063,12.18458862,4.676801671
"SULFUC",2020,0.10059952,0.700458948,2.732482517,8.211476428,12.51439601,4.608658734
"SULFUC",2021,0.09220822,0.704732018,3.498494275,9.78768231,13.63670841,5.134555798
"SULFUC",2022,NA,NA,NA,NA,NA,NA
"SULFUC",1997,0,0.430716335,2.426584664,7.047099775,10.7900285,3.880265438
"SULFUC",1998,0.10130486,0.686951343,2.791435958,7.355690151,12.60366917,4.441558492
"SULFUC",1999,0,0.659819189,2.966683793,6.183172378,11.39506786,3.946134658
"SULFUC",2000,0.064300221,0.859489876,3.8264446,7.670820799,12.35945403,4.679669658
"SULFUC",2001,0.060095227,0.616240618,3.324542888,9.646233753,12.92157595,5.097829719
"SULFUC",2002,0.042344478,0.932056862,3.244159824,8.400986635,12.6857789,4.75543326
"SULFUC",2016,0.110212862,1.167727567,3.971802277,8.545762226,11.93369763,4.971432315
"SULFUC",2017,0.121409866,0.946281187,3.530907547,7.134101129,12.54200822,4.706353101
"SULFUC",2018,0.360371194,0.784535149,2.987953121,8.854293314,12.96759229,4.755491312
"SULFUC",2014,0.227945039,0.955578453,3.352450072,8.541910796,12.64162464,4.624883797
"SULFUC",2015,0.256953231,1.442706386,4.213131739,9.567271517,12.7695543,5.452743178
"VALEYC",2023,NA,NA,NA,NA,NA,NA
"VALEYC",2024,NA,NA,NA,NA,NA,NA
"VALEYC",2021,0,0.537115513,4.371693596,11.06092601,15.49826919,5.90219335
"VALEYC",2022,NA,NA,NA,NA,NA,NA
"VALEYC",2001,0,0.468366438,4.849156841,11.85651997,15.32689304,6.193009069
"VALEYC",2002,0,0.624832348,4.293455019,10.43278373,14.75827414,5.780016748
"VALEYC",1999,0,0.798921284,4.028043082,9.520931218,13.58912372,5.176296184
"VALEYC",2000,0,0.907795436,5.280367138,10.23372001,14.66270766,5.931020005
"VALEYC",1992,0,1.011702921,5.239618561,10.29403658,14.45600801,6.033920842
"VALEYC",1993,0,0.566291196,4.406836714,8.776814984,12.01355009,5.026192834
"VALEYC",1994,0,0.863318239,5.519981229,10.91296643,15.08103103,6.214175862
"VALEYC",1995,0,0.893469904,3.794920531,8.875589788,13.17113062,5.061970796
"VALEYC",1996,0,1.67513879,3.879740375,8.010463682,13.90153039,5.236630036
"VALEYC",1997,0,0.543627522,3.196687245,9.364365076,13.40548169,5.181036404
"VALEYC",1998,0,0.588250463,3.897248085,9.145461169,14.89511535,5.53802624
"VALEYC",2011,0,0.789266782,3.237917186,9.685688618,13.17278584,5.076535409
"VALEYC",2012,0,0.558277347,4.345652598,10.03467181,14.52971931,5.452671282
"VALEYC",2013,0,1.286470883,4.04430099,10.80152759,14.56135853,5.876073534
"VALEYC",2014,0,1.13259116,4.195755696,10.20979608,14.61429036,5.5160258
"VALEYC",2015,0,1.702621305,5.227964796,11.27290457,14.3945943,6.385787858
"VALEYC",2016,0,1.189881466,5.562977228,10.11188134,13.58122382,5.902197804
"VALEYC",2017,0,1.141450869,4.804924329,9.590630886,14.44590971,5.678054256
"VALEYC",2018,0,0.84827921,3.957798612,10.32450697,14.54429639,5.537829613
"VALEYC",2019,0,0.528695755,4.680617541,10.14805622,13.77389817,5.458536149
"VALEYC",2020,0,0.609693677,3.388729006,10.04888189,14.19946439,5.438200258
"VALEYC",2007,0,0.940223137,4.541368314,11.82125101,16.50300328,6.524865029
"VALEYC",2008,0,0.753512628,3.899344438,9.824878705,14.3017191,5.348431663
"VALEYC",2009,0,1.180377254,4.131429227,10.63913693,13.59421961,5.511373234
"VALEYC",2010,0,0.810593407,3.592932075,9.182116631,13.39984179,4.947446974
"VALEYC",2006,0,0.58837703,4.493770902,10.76987528,14.73268404,5.787556182
"VALEYC",2003,0,0.816315662,4.008860317,10.38602234,15.471365,5.68814209
"VALEYC",2004,0,0.636235344,5.676650246,10.3159237,14.54605153,5.8876401
"VALEYC",2005,0,1.163775892,4.432359759,9.41283972,14.65560927,5.692762522
