"COMID","Code","Sample_ID","Year","Q05","Q25","Q50","Q75","Q95","Mean","Exceed_15"
23478975,"VA","VA-2023",2023,NA,NA,NA,NA,NA,NA,NA
23478975,"VA","VA-2024",2024,NA,NA,NA,NA,NA,NA,NA
23478975,"VA","VA-2021",2021,0,0.537115513296399,4.37169359581693,11.0609260088593,15.4982691941774,5.90219335008983,45
23478975,"VA","VA-2022",2022,NA,NA,NA,NA,NA,NA,NA
23478975,"VA","VA-2001",2001,0,0.468366437604348,4.84915684127189,11.8565199746935,15.3268930449347,6.19300906921139,24
23478975,"VA","VA-2002",2002,0,0.624832348251917,4.29345501891591,10.4327837302296,14.7582741388402,5.7800167480377,17
23478975,"VA","VA-1999",1999,0,0.798921284159804,4.02804308233773,9.52093121768737,13.5891237224932,5.17629618399769,0
23478975,"VA","VA-2000",2000,0,0.907795435553209,5.28036713762608,10.2337200075469,14.6627076583669,5.93102000543854,16
23478975,"VA","VA-1992",1992,0,1.0117029213087,5.23961856072957,10.2940365815362,14.4560080148012,6.03392084191437,7
23478975,"VA","VA-1993",1993,0,0.566291196228626,4.40683671397883,8.7768149835093,12.0135500859937,5.0261928341185,0
23478975,"VA","VA-1994",1994,0,0.863318239219313,5.51998122858116,10.9129664346554,15.081031033055,6.21417586238694,22
23478975,"VA","VA-1995",1995,0,0.893469903502282,3.79492053127722,8.87558978777225,13.1711306162527,5.06197079629388,0
23478975,"VA","VA-1996",1996,0,1.67513879014126,3.87974037546763,8.01046368175103,13.9015303883634,5.23663003565237,0
23478975,"VA","VA-1997",1997,0,0.543627521914931,3.19668724510729,9.36436507626047,13.4054816943747,5.18103640364939,0
23478975,"VA","VA-1998",1998,0,0.588250463370791,3.89724808532602,9.14546116853536,14.8951153470206,5.53802624031793,14
23478975,"VA","VA-2011",2011,0,0.789266781746693,3.23791718647741,9.68568861836077,13.1727858414411,5.07653540919305,0
23478975,"VA","VA-2012",2012,0,0.558277346987859,4.34565259754334,10.0346718133224,14.5297193138282,5.45267128239025,3
23478975,"VA","VA-2013",2013,0,1.28647088287595,4.04430098956355,10.8015275908881,14.5613585275938,5.87607353362079,5
23478975,"VA","VA-2014",2014,0,1.13259115953347,4.19575569581084,10.2097960767002,14.614290364855,5.51602579959172,8
23478975,"VA","VA-2015",2015,0,1.70262130511088,5.22796479598639,11.2729045722093,14.3945942994716,6.38578785809115,10
23478975,"VA","VA-2016",2016,0,1.18988146624737,5.56297722810741,10.1118813365749,13.5812238155521,5.90219780431007,0
23478975,"VA","VA-2017",2017,0,1.14145086913204,4.80492432853917,9.59063088606116,14.4459097105172,5.67805425611062,1
23478975,"VA","VA-2018",2018,0,0.848279209615237,3.95779861158234,10.3245069729171,14.544296389431,5.53782961315505,7
23478975,"VA","VA-2019",2019,0,0.528695754872343,4.68061754063249,10.1480562175734,13.7738981660907,5.45853614857986,3
23478975,"VA","VA-2020",2020,0,0.60969367740614,3.38872900601313,10.0488818851028,14.1994643857778,5.43820025813407,4
23478975,"VA","VA-2007",2007,0,0.940223136971257,4.54136831449347,11.8212510086073,16.5030032841042,6.52486502945699,37
23478975,"VA","VA-2008",2008,0,0.753512627548951,3.8993444376672,9.82487870494951,14.301719096338,5.34843166297516,0
23478975,"VA","VA-2009",2009,0,1.18037725407054,4.13142922748436,10.6391369261556,13.5942196138769,5.51137323441882,3
23478975,"VA","VA-2010",2010,0,0.810593406838008,3.59293207491767,9.18211663102319,13.3998417909067,4.94744697434696,0
23478975,"VA","VA-2006",2006,0,0.588377030102423,4.49377090191824,10.7698752801004,14.7326840353452,5.78755618175904,14
23478975,"VA","VA-2003",2003,0,0.816315661631947,4.00886031681609,10.3860223360055,15.4713650007736,5.68814208965801,33
23478975,"VA","VA-2004",2004,0,0.636235343642616,5.67665024620858,10.3159236952326,14.5460515318233,5.88764010012853,4
23478975,"VA","VA-2005",2005,0,1.16377589185665,4.43235975930114,9.41283972034115,14.6556092676548,5.692762521751,9
23479507,"EF","EF-2007",2007,0.252157070638686,2.06269996022879,6.33312674882184,13.2287354591867,17.8836757767133,7.76177456414846,66
23479507,"EF","EF-2008",2008,0.177526875258746,1.87274319521286,5.22203388725712,11.1170718845001,16.1715628999299,6.55197101038406,52
23479507,"EF","EF-2019",2019,0.34272104511048,1.50306551064038,6.06812315706801,10.8025797495161,16.0552313986948,6.74281270991063,44
23479507,"EF","EF-2020",2020,0.225670052964645,1.29259287066115,4.94089056708273,11.2592902059508,16.6467596125039,6.73950687741219,48
23479507,"EF","EF-2010",2010,0.514320781585642,1.86755899088291,4.75358978511409,10.2601164416517,15.4210598268117,6.19158943764103,31
23479507,"EF","EF-2006",2006,0.635510141241668,1.62239174406523,5.92221726697571,11.1816244473699,16.5373968026228,6.90538628081743,42
23479507,"EF","EF-2018",2018,0.759058815674226,1.87471205665304,5.64088385070544,11.7543193976576,17.0991443612032,7.04478315022018,44
23479507,"EF","EF-2005",2005,0.604087691675713,2.39108465405448,5.61754499242269,10.5712700409813,16.130621603744,6.79006023647322,40
23479507,"EF","EF-2015",2015,0.765869261618115,2.72011171635279,6.85692046727839,12.6450173360284,16.2327041882653,7.55905643546975,45
23479507,"EF","EF-1992",1992,0.390103686779708,1.74211382398245,7.06108811431741,11.9707354499755,16.0270895768834,7.20873111373549,32
23479507,"EF","EF-2021",2021,0.234243034135046,1.34386427279228,6.54798323963606,13.1308124755875,17.8480848340311,7.58595748668937,65
23479507,"EF","EF-2009",2009,0.413916219519331,2.21137999112905,5.81647990090786,12.1997536250713,15.7520311153243,6.88953239760482,33
23479507,"EF","EF-2004",2004,0.466967011356169,1.64917632908685,7.20077493952862,11.4294180887789,16.1534202706718,7.09664827681774,39
23479507,"EF","EF-2016",2016,0.431829523522532,2.2034484835421,7.20472528284712,11.5023963259653,16.2225621842464,7.28310977209107,41
23479507,"EF","EF-2017",2017,0.0450680394788191,1.96119835153591,5.74459908994509,10.1838173247737,16.2544958858544,6.86460800847947,54
23479507,"EF","EF-2003",2003,0.785727712118211,1.87316995559537,5.31585659430812,12.2128640851431,17.4513928957641,7.09178962573428,55
23479507,"EF","EF-2022",2022,NA,NA,NA,NA,NA,NA,NA
23479507,"EF","EF-2023",2023,NA,NA,NA,NA,NA,NA,NA
23479507,"EF","EF-2011",2011,0.547117533926797,1.65417252335918,4.39256289590362,11.1375883628122,15.0853145582928,6.36207210964066,23
23479507,"EF","EF-1993",1993,0.245877166319112,1.22834444706594,5.53338470775101,9.67459468105258,13.4185225261992,5.96817520137744,0
23479507,"EF","EF-2013",2013,0.227804873042882,1.85556177850085,5.9324657503385,12.0207643178928,16.7474545162835,7.17421862812599,65
23479507,"EF","EF-2014",2014,0.257432322423771,2.4190680271778,5.57563913512546,11.8698427608832,16.0569786268328,6.85284674958236,44
23479507,"EF","EF-1999",1999,0.675769271094209,1.64399075318385,5.40596201738173,10.6554262940901,15.5882569509315,6.38243964762595,31
23479507,"EF","EF-2012",2012,0.677191147980178,1.6722597124212,6.04428099039105,12.038615652363,16.5695557048136,6.95496001767471,50
23479507,"EF","EF-2001",2001,0.283019190514426,1.39852600259037,5.6256484428329,12.6114394114746,16.6222945620324,7.22701267254716,66
23479507,"EF","EF-2002",2002,0.213998343137692,1.2570289476814,5.75637295389674,11.8368712889566,16.5213222433541,7.0086556793293,50
23479507,"EF","EF-1995",1995,0.525389104654555,1.61811894722303,4.98123135388883,9.60355550172311,14.4428280631062,5.96002802378973,5
23479507,"EF","EF-2000",2000,0.435879761325738,1.91251359457832,6.90013954799691,11.2196698024989,16.6672605626091,7.29621157557469,51
23479507,"EF","EF-1996",1996,0.349825011313769,2.24019912093549,5.01284574638781,10.025090410749,15.388164467331,6.34956582699398,29
23479507,"EF","EF-1994",1994,0.237775326255101,1.35915116810743,6.26365701828596,12.5128760632544,16.673132811418,7.34146463488943,53
23479507,"EF","EF-1998",1998,0.40278010043388,1.46956819172952,4.95548089189788,9.5044896100709,16.2904539964601,6.50922360844807,45
23479507,"EF","EF-2024",2024,NA,NA,NA,NA,NA,NA,NA
23479507,"EF","EF-1997",1997,0.54535330093154,1.56306435082312,4.44727176180938,10.6907021689889,15.0849916895952,6.38858756227958,21
23479821,"HE","HE-2000",2000,0.0746219702034525,1.46542512358987,5.83354871938134,10.4316552914187,15.2158780679734,6.39122122848301,20
23479821,"HE","HE-2005",2005,0.273399079333847,1.69095045071094,4.5398306609068,9.40545446709632,14.6096636357344,5.88664331418601,11
23479821,"HE","HE-1999",1999,0.266815761023837,1.205047288101,4.54540307942469,9.83073044685851,14.0925764421711,5.52857942581273,0
23479821,"HE","HE-2012",2012,0.0536652277423618,1.06423328851212,4.9102008191099,10.9776182695322,15.1356009148958,6.1419909634474,26
23479821,"HE","HE-2024",2024,NA,NA,NA,NA,NA,NA,NA
23479821,"HE","HE-2013",2013,0.108372649536275,1.35243269843879,5.14712291092762,10.7935561591112,15.2047725229682,6.31174514592727,29
23479821,"HE","HE-2001",2001,0,0.922642587792917,4.98981132546709,11.2531999344774,14.8795268610835,6.27606014664029,17
23479821,"HE","HE-2002",2002,0.0628966407525171,1.0656812168499,4.94719762814412,10.7393956972317,14.7503971404337,6.25170586114169,13
23479821,"HE","HE-2003",2003,0.484624607437375,1.51095667238923,4.48737189360414,10.9525961018655,15.8509080140668,6.22864402872231,35
23479821,"HE","HE-2004",2004,0.204753760641462,1.35565109175952,6.0949755175744,10.3527895979535,14.4944835599544,6.3309886649581,12
23479821,"HE","HE-2017",2017,0,1.39790705334887,5.05314909510301,9.09407601146807,14.7447377758888,6.0572303189636,12
23479821,"HE","HE-2006",2006,0.308986282759732,1.28384783454711,4.96901433650107,10.2055884738746,14.643209134592,6.01663269834867,16
23479821,"HE","HE-2007",2007,0,1.34338511595849,5.23283083201509,11.8504854281749,15.8698183540619,6.74125808677713,38
23479821,"HE","HE-2008",2008,0,1.32387359055407,4.44422947349637,9.84109597285246,14.4597587796948,5.69401779595639,8
23479821,"HE","HE-2009",2009,0.0201285932162636,1.52878035749821,4.63710397607079,10.5885098209758,14.1329420274126,5.9754325365672,6
23479821,"HE","HE-2010",2010,0.0926802203097114,1.22990821020558,3.82121820116931,9.49067453310151,14.1981165017387,5.32144633308723,0
23479821,"HE","HE-2011",2011,0.0406558640173389,1.12221678624928,3.66191574596016,10.1831115194683,13.7988760803256,5.58964078441007,0
23479821,"HE","HE-1998",1998,0.0187381933124461,0.9819318072683,4.06710754959908,8.81921410350532,14.7439656763159,5.60801924011221,15
23479821,"HE","HE-2015",2015,0.239068210738171,2.02426337932681,5.91815747410756,11.5319448752561,14.799172407173,6.73945884123198,15
23479821,"HE","HE-2016",2016,0.0989091708392006,1.56207615618079,5.8154937936394,10.3621810624069,14.6097214726928,6.3490206959024,14
23479821,"HE","HE-2018",2018,0.395162252822302,1.20109143682364,4.92591453596757,10.5905306129148,15.3576007463091,6.12408869480202,27
23479821,"HE","HE-2014",2014,0,1.48842654766383,4.51473731851497,10.7375679081968,14.8477725484855,6.01911666927154,15
23479821,"HE","HE-2020",2020,0,1.01061332769156,4.12177629630968,10.2395700911241,14.7138514533279,5.89963146527539,14
23479821,"HE","HE-2021",2021,0,1.05649730682863,5.33444693739149,12.1304446838096,15.8423716751395,6.66231344457402,43
23479821,"HE","HE-2022",2022,NA,NA,NA,NA,NA,NA,NA
23479821,"HE","HE-2019",2019,0.0648155630917347,1.13716814858585,4.98398347734665,9.95797567159953,14.4559175724939,5.87549914336783,8
23479821,"HE","HE-1997",1997,0.260106441260391,1.16992798244611,3.72708298901633,9.9820158440859,13.7351205594141,5.67007369919754,0
23479821,"HE","HE-1992",1992,0.00568810256064574,1.19461642864954,6.27329538792736,10.4988924989015,14.6510553601381,6.3545083779443,11
23479821,"HE","HE-1993",1993,0.0216334261786283,0.901858165988804,4.50516297191606,8.8521431741579,12.3451846107386,5.25670022938517,0
23479821,"HE","HE-2023",2023,NA,NA,NA,NA,NA,NA,NA
23479821,"HE","HE-1995",1995,0.273259598271098,1.2733284990134,4.11750874196832,8.12599749480794,13.1605229898982,5.18729151092034,0
23479821,"HE","HE-1996",1996,0.0365743077605923,1.54799818725772,4.12699665050414,9.44963237540157,14.3501579676247,5.58522407841432,8
23479821,"HE","HE-1994",1994,0,1.02906267969341,5.1339432061585,11.0674265146794,15.0382703832007,6.42045963954851,20
23519209,"SU","SU-1994",1994,0.163128999435543,0.752288844084306,3.9114213045945,8.95731847966722,12.9834220677777,4.97684558143304,0
23519209,"SU","SU-1995",1995,0.0819123951652315,0.871188992510207,2.88816564602052,6.44459975453093,10.6157752624952,3.95109557231775,0
23519209,"SU","SU-1996",1996,0.0630546032985616,1.27198143800828,2.89192056238498,5.78324470391561,11.3257893400196,4.01420460353695,0
23519209,"SU","SU-1993",1993,0.0203195203754584,0.744281213493013,3.07641331741728,6.59528793387985,10.0616869986466,3.95033868057655,0
23519209,"SU","SU-2012",2012,0.280818664144933,0.782800727215279,3.25079634054194,8.34273458227926,12.5978719218508,4.56873039512596,0
23519209,"SU","SU-2008",2008,0.0259929947643575,0.903319406861016,2.93456530975195,7.63465045700927,12.2287780777409,4.41601262709225,0
23519209,"SU","SU-2009",2009,0.175261866309413,0.944354511937675,3.31719003988152,9.22112566704213,12.3603740661422,4.78831790857253,0
23519209,"SU","SU-2011",2011,0.0517827031470788,0.871697338398063,2.53703178818131,7.70260274108583,11.6213297033976,4.23018302817256,0
23519209,"SU","SU-2007",2007,0,0.819315380410427,3.58807764900602,9.84367969642298,13.929125462344,5.31496280174051,0
23519209,"SU","SU-2024",2024,NA,NA,NA,NA,NA,NA,NA
23519209,"SU","SU-2013",2013,0,0.823844699591984,3.12840609972902,8.88264223392077,12.7371329641692,4.86288731362337,0
23519209,"SU","SU-2010",2010,0.233583846826662,0.777103466422542,2.85226541339937,7.72549801208618,12.0315797630193,4.28540034696147,0
23519209,"SU","SU-2023",2023,NA,NA,NA,NA,NA,NA,NA
23519209,"SU","SU-2003",2003,0.222260777571589,0.864761854289036,3.12361983900984,7.79298090816945,13.036272564799,4.65324353667797,0
23519209,"SU","SU-2004",2004,0.0257022814856474,0.601978117962736,4.20416007008061,8.29218476455778,12.6637423376874,4.83697547856115,0
23519209,"SU","SU-2005",2005,0.143599965674993,1.16375341244299,3.36452305234467,7.98805039077338,12.6075159238299,4.8580349909736,0
23519209,"SU","SU-2006",2006,0.0190231559582437,0.919422945625858,3.43822411414988,7.11349142391167,12.5541294458239,4.64080825699292,0
23519209,"SU","SU-1992",1992,0.0365131435076451,0.939043117648545,3.81042395576595,8.21033820560976,12.1249770247513,4.8417398415957,0
23519209,"SU","SU-2019",2019,0.142058549764383,0.634517318022101,3.52996960280577,8.58405706269843,12.1845886173128,4.67680167061226,0
23519209,"SU","SU-2020",2020,0.10059952001548,0.700458948159176,2.73248251703953,8.21147642803842,12.5143960109177,4.60865873431873,0
23519209,"SU","SU-2021",2021,0.0922082196831821,0.704732018444353,3.49849427483278,9.78768230950755,13.6367084118758,5.13455579800625,0
23519209,"SU","SU-2022",2022,NA,NA,NA,NA,NA,NA,NA
23519209,"SU","SU-1997",1997,0,0.430716335221369,2.42658466377871,7.04709977450537,10.7900284999072,3.88026543752849,0
23519209,"SU","SU-1998",1998,0.101304860224777,0.686951342602624,2.79143595838732,7.35569015145285,12.6036691740387,4.44155849159667,0
23519209,"SU","SU-1999",1999,0,0.65981918878475,2.9666837934823,6.18317237761836,11.3950678643665,3.94613465775632,0
23519209,"SU","SU-2000",2000,0.0643002210369276,0.859489875731076,3.8264446002115,7.67082079856614,12.3594540262515,4.67966965820726,0
23519209,"SU","SU-2001",2001,0.0600952267871539,0.616240617935049,3.32454288807387,9.6462337526395,12.9215759450439,5.09782971854227,0
23519209,"SU","SU-2002",2002,0.0423444779612273,0.932056861669829,3.24415982353395,8.4009866351573,12.6857788979648,4.75543326029435,0
23519209,"SU","SU-2016",2016,0.11021286185701,1.16772756730769,3.97180227652546,8.54576222568583,11.93369762983,4.97143231452148,0
23519209,"SU","SU-2017",2017,0.121409865760664,0.94628118668001,3.53090754744662,7.13410112875122,12.5420082183399,4.70635310147503,0
23519209,"SU","SU-2018",2018,0.36037119412293,0.784535148656746,2.98795312066674,8.85429331373127,12.967592288802,4.75549131155716,0
23519209,"SU","SU-2014",2014,0.227945039250735,0.955578453080548,3.3524500720932,8.54191079586677,12.6416246411142,4.62488379730867,0
23519209,"SU","SU-2015",2015,0.256953231416125,1.44270638637076,4.21313173900639,9.56727151668739,12.7695543045538,5.45274317841535,0
23519305,"BV","BV-2016",2016,0.0421443176566781,1.45420455807111,5.61942325255075,10.6053374669617,14.6133063897409,6.27029999275079,8
23519305,"BV","BV-2020",2020,0,0.892375150176947,3.75177159495882,10.0364812554521,15.0576030080369,5.68273911707031,21
23519305,"BV","BV-2017",2017,0,1.3394828276639,4.88485261987161,9.81500627109668,15.3435724688934,5.92986050791909,32
23519305,"BV","BV-2018",2018,0.0699821948430684,1.15478505438754,4.2296418742163,10.8933493965527,15.6385488759769,5.91469437285797,36
23519305,"BV","BV-2015",2015,0.267217550849693,2.01231515803187,5.3229280453553,11.774237754031,15.2778980820595,6.78842040295816,24
23519305,"BV","BV-1999",1999,0,0.846495528321693,4.01169767204187,8.86182652794591,14.1692594959623,5.19919146055189,0
23519305,"BV","BV-2000",2000,0,1.25142734047952,5.37841823191519,9.98551954673454,15.1842927230166,6.0335852056303,21
23519305,"BV","BV-2001",2001,0,0.519430774187227,4.86618586244087,11.5992308373111,15.762699404363,6.26486080633443,32
23519305,"BV","BV-2019",2019,0,0.701746217978544,4.45860186974325,10.6320494422644,14.6204109203145,5.75434109307136,11
23519305,"BV","BV-2003",2003,0.365439972479295,1.25843038058439,4.08919740861933,10.3728019135151,16.1099250212368,5.97034534452255,37
23519305,"BV","BV-2004",2004,0,0.880597037925277,5.90426783604699,10.224030393441,15.2835807906796,6.06226452927647,25
23519305,"BV","BV-2021",2021,0,0.603450412198278,4.54002856384476,11.9179158904756,16.1745034885891,6.20583192156775,48
23519305,"BV","BV-2002",2002,0,0.692758318994605,4.50864408166054,10.7274068612525,15.3891659328606,5.90624440966752,21
23519305,"BV","BV-1998",1998,0,0.84202655937361,4.03590641898552,9.60677861942116,15.5022211715386,5.70259156587804,29
23519305,"BV","BV-2014",2014,0,1.30441319080162,4.34142013942034,10.6054447764056,15.4150679098871,5.80067648282699,29
23519305,"BV","BV-2013",2013,0,1.20399648536249,3.99241696336655,10.7748499691329,15.4468652300632,6.10440657143304,36
23519305,"BV","BV-2024",2024,NA,NA,NA,NA,NA,NA,NA
23519305,"BV","BV-1992",1992,0,1.23753930502795,5.33827805899853,10.6124065330708,14.7677273301778,6.17090883882537,15
23519305,"BV","BV-2022",2022,NA,NA,NA,NA,NA,NA,NA
23519305,"BV","BV-2023",2023,NA,NA,NA,NA,NA,NA,NA
23519305,"BV","BV-2012",2012,0.111284435928843,0.78391110393064,4.30454375436186,10.7000604428712,15.4125594900371,5.73296460740771,34
23519305,"BV","BV-1996",1996,0.0285951709179621,1.85275319450269,4.07489232840437,7.69111176185225,14.360525511611,5.29863855641177,2
23519305,"BV","BV-1997",1997,0,0.633284656667792,3.38622234413831,9.39418874111417,13.6343684841744,5.14896370254489,0
23519305,"BV","BV-2011",2011,0,0.965411488761336,3.40679776916047,10.2732442821614,14.1944467928241,5.40639815999857,0
23519305,"BV","BV-1994",1994,0,0.903288584927957,5.08898848385445,11.2308657283622,15.8266192129336,6.21194650194736,27
23519305,"BV","BV-1995",1995,0,1.08259895670426,3.82407538173265,8.8667529171534,13.3510911485443,5.16685769429289,0
23519305,"BV","BV-2005",2005,0.00474969577691674,1.74382941371534,4.53628202171882,9.8099162077919,15.1414449725323,6.04413335239171,23
23519305,"BV","BV-1993",1993,0,0.642594957869072,4.28915459429153,8.98704767537253,12.3813650846597,5.07334436763683,0
23519305,"BV","BV-2006",2006,0,0.84159469525472,4.53553776449981,9.98262912878434,15.4154317687567,5.8702661856596,24
23519305,"BV","BV-2007",2007,0,1.22566515312421,4.59525826370968,11.6951569603514,17.0144976848639,6.59034056136818,45
23519305,"BV","BV-2009",2009,0,1.23496030287429,4.28851904024039,11.3799154592341,14.737953696383,5.91853161711756,13
23519305,"BV","BV-2010",2010,0.00354394508806762,1.08817641018315,4.00851380504695,9.8025816488802,14.5450078907816,5.39526775919448,5
23519305,"BV","BV-2008",2008,0,1.02593693053946,4.28264392135604,10.0549687718086,14.7210177515627,5.46238051833747,12
23519319,"EL","EL-2022",2022,NA,NA,NA,NA,NA,NA,NA
23519319,"EL","EL-2023",2023,NA,NA,NA,NA,NA,NA,NA
23519319,"EL","EL-1997",1997,0,0.532373928259928,3.21677893832301,9.15338847390117,13.3590121117656,4.98055628086934,0
23519319,"EL","EL-2024",2024,NA,NA,NA,NA,NA,NA,NA
23519319,"EL","EL-1996",1996,0,1.64129810578766,3.86586652624189,7.48429739610657,14.119217577515,5.12579868651765,1
23519319,"EL","EL-2009",2009,0,1.10612619090051,4.13400271686345,11.1745771712609,14.4988359676193,5.77635424809359,7
23519319,"EL","EL-1992",1992,0,1.10369004620403,5.03008468961487,10.383439611563,14.5284736189755,5.96818015545568,11
23519319,"EL","EL-1993",1993,0,0.542825356770468,4.08248737578938,8.74327616008839,12.1078313212728,4.89304348468598,0
23519319,"EL","EL-1994",1994,0,0.743443743837292,4.94907668529303,10.9621846797617,15.588108912158,6.04573643625246,26
23519319,"EL","EL-1995",1995,0,0.940894098911124,3.57636838274959,8.55841407860087,13.0111094649102,4.97562577942567,0
23519319,"EL","EL-2021",2021,0,0.483401847335967,4.19880161115887,11.8749342721697,16.0895293702376,6.08569878035386,48
23519319,"EL","EL-2000",2000,0,1.15323814137102,5.14682991285708,9.71958867103891,14.9470055441098,5.86091790089333,17
23519319,"EL","EL-2010",2010,0,1.02175415737864,3.73193109328071,9.59851775762864,14.3173931505514,5.23394061619233,2
23519319,"EL","EL-1998",1998,0,0.751809033825782,3.7962722244834,9.38896271726662,15.2776524048005,5.54646393692402,28
23519319,"EL","EL-1999",1999,0,0.735975560270508,3.84583745984068,8.66628218345635,13.9369107067868,5.03211355474168,0
23519319,"EL","EL-2005",2005,0,1.59619050633401,4.46805938699779,9.57674187473925,14.8873819642118,5.90170876891055,16
23519319,"EL","EL-2002",2002,0,0.576821095563284,4.38661419620339,10.5430822440744,15.0972475901125,5.7495513385421,19
23519319,"EL","EL-2003",2003,0.279018159921115,1.20345128392086,3.95814761107646,10.145546755941,15.8903939587079,5.82699400758041,34
23519319,"EL","EL-2004",2004,0,0.782786014514042,5.73599524435734,9.98558608619384,15.0655332919502,5.90043104617158,19
23519319,"EL","EL-2020",2020,0,0.753817202514271,3.55668108156867,9.8386424260687,14.8618573751284,5.51994482011269,14
23519319,"EL","EL-2006",2006,0,0.79531300287326,4.38680786944398,9.7757749237381,15.1950230961053,5.72801267614838,22
23519319,"EL","EL-2007",2007,0,1.07485770606576,4.40823494165173,11.4868364943926,16.7820850940534,6.44540248880764,42
23519319,"EL","EL-2008",2008,0,0.921022767779066,4.14227887517261,9.84538016350405,14.5090607758939,5.32342323906253,7
23519319,"EL","EL-2012",2012,0.0100160143190292,0.651235576119258,4.08133965512265,10.4542995834515,15.1908825167761,5.54878647117573,22
23519319,"EL","EL-2013",2013,0,1.04762385053244,3.92180186460534,10.5174566663142,15.1910589112298,5.93286430484229,29
23519319,"EL","EL-2001",2001,0,0.460218771583517,4.60831466926563,11.3789572503431,15.4597089421404,6.09810401708207,27
23519319,"EL","EL-2011",2011,0,0.85354036116365,3.23966321521945,10.1009743777298,13.9423458626503,5.23633084392524,0
23519319,"EL","EL-2014",2014,0,1.12330277142013,4.21881685634805,10.3652874380859,15.1017710794539,5.60849144994901,23
23519319,"EL","EL-2015",2015,0.193716149595011,1.84656736085457,5.07848055469906,11.5477033298083,15.0418791463232,6.59645103924197,19
23519319,"EL","EL-2016",2016,0,1.44760548401742,5.63664551473448,10.4147170493126,14.3613690604902,6.1240495602607,1
23519319,"EL","EL-2017",2017,0,1.22838053498654,4.69349706378179,9.58386549893646,15.0982364832876,5.75417333909573,24
23519319,"EL","EL-2018",2018,0,0.974409332763466,3.9212198070414,10.6877038337631,15.4354642957683,5.72007267706644,30
23519319,"EL","EL-2019",2019,0,0.566153993452545,4.38481152616439,10.360976686854,14.3145627543782,5.57768694003419,9
23519459,"MA","MA-1997",1997,0,0.439895042949521,2.54186214369452,8.20903074052972,12.2802924608915,4.48102539890355,0
23519459,"MA","MA-1996",1996,0,1.3089073559086,3.33414366029584,6.62033728062562,12.8159842913487,4.57655742371968,0
23519459,"MA","MA-2015",2015,0.0473755784122405,1.51632402705319,4.43943561625785,10.2006581937306,13.3401013034049,5.76423247521209,0
23519459,"MA","MA-2014",2014,0,0.892242434364307,3.61857879729073,9.2274124398491,13.5557529005521,4.94485211343031,0
23519459,"MA","MA-2008",2008,0,0.671748854071021,3.38563697601002,8.72257602990185,13.1161049323294,4.78970073387091,0
23519459,"MA","MA-1998",1998,0,0.471919382438106,3.28015260837728,8.35888130740764,13.8382132905389,4.98341955171468,0
23519459,"MA","MA-1995",1995,0,0.792619471977996,3.13094380184013,7.82435767226837,12.0003547662694,4.47681463523479,0
23519459,"MA","MA-2007",2007,0,0.831592830965431,3.82047448323091,10.8835870291114,15.3649380329628,5.95211776514294,28
23519459,"MA","MA-2012",2012,0,0.564759365442406,3.754250853117,9.3110168974862,13.5740331374752,4.96106861679406,0
23519459,"MA","MA-2009",2009,0,0.961260138344179,3.64064139809027,9.77760592428054,12.7922405562781,5.05055995970226,0
23519459,"MA","MA-1999",1999,0,0.581983447705195,3.34160094089247,8.30950719221335,12.5733820436889,4.53618590551358,0
23519459,"MA","MA-2011",2011,0,0.67980424237896,2.75693346792649,8.89397877869038,12.3893909701341,4.60245131730103,0
23519459,"MA","MA-2021",2021,0,0.358965259804063,3.82318926535322,10.5842063627098,14.5868064010011,5.4475557782237,4
23519459,"MA","MA-2000",2000,0,0.859649102698534,4.65105852092386,9.01836881561047,13.5604252941259,5.31475098085564,4
23519459,"MA","MA-2010",2010,0,0.699183157870273,3.10729392386582,8.3869051009143,12.6316328505471,4.52572888149052,0
23519459,"MA","MA-1994",1994,0,0.574643518969517,4.82564500444325,9.90548633530925,14.2827167510939,5.53177368778961,9
23519459,"MA","MA-2002",2002,0,0.577119750799244,3.71775310076741,9.65459119042786,13.6875305841331,5.17194061182628,1
23519459,"MA","MA-2022",2022,NA,NA,NA,NA,NA,NA,NA
23519459,"MA","MA-2023",2023,NA,NA,NA,NA,NA,NA,NA
23519459,"MA","MA-2024",2024,NA,NA,NA,NA,NA,NA,NA
23519459,"MA","MA-1993",1993,0,0.505657189722608,3.44770826848972,7.83613486022141,10.8100257070399,4.35791547520245,0
23519459,"MA","MA-1992",1992,0,0.870335987029334,4.38533678593162,9.34326804845213,13.1955179075856,5.34847408037794,0
23519459,"MA","MA-2013",2013,0,0.882339989303198,3.33284577614133,9.45004277168241,13.7818418225432,5.26485242599953,0
23519459,"MA","MA-2001",2001,0,0.466666211692799,4.05475159976779,10.6393594929435,14.4755157936166,5.62288031723407,7
23519459,"MA","MA-2005",2005,0,1.2100821439187,3.84370499135732,8.68207944735164,13.6218888753975,5.30918377939926,0
23519459,"MA","MA-2016",2016,0,1.12387896423488,4.93066800496025,9.30161506690964,12.7901610305691,5.39478829275722,0
23519459,"MA","MA-2003",2003,0.0454768381229042,0.833252133353682,3.48154736296825,9.09549369177424,14.3327231515812,5.14562101366503,9
23519459,"MA","MA-2004",2004,0,0.540781931351641,5.14711851520416,9.10782954658644,13.5658090270848,5.3223976768937,0
23519459,"MA","MA-2018",2018,0.00978728686145918,0.605522522671301,3.32606845030408,9.18391502360904,13.7366380019728,4.99647533203494,0
23519459,"MA","MA-2006",2006,0,0.688799596660832,4.04189132498463,9.16766077387917,13.918001520626,5.23125971225958,6
23519459,"MA","MA-2020",2020,0,0.480922561666239,2.92037274009507,8.90871892829834,13.3291811995762,4.91614599123161,0
23519459,"MA","MA-2017",2017,0,0.854225106081919,4.06060444159922,8.51199411078549,13.4540350557497,5.06023374761563,0
23519459,"MA","MA-2019",2019,0,0.455583881963893,4.01928690613686,8.79539390775778,12.9401838154675,4.91018547610355,0
23519461,"CH","CH-2015",2015,0.0805075129697832,1.17216546113976,3.55549546807717,8.7250228637233,11.5758029723012,4.87493483363905,0
23519461,"CH","CH-2016",2016,0,0.931912000109838,3.97169614725481,7.95011825545267,11.0861686851031,4.54904082146627,0
23519461,"CH","CH-1993",1993,0,0.664994576942218,2.67526549941049,6.4698782719881,9.38307166642173,3.68635006932297,0
23519461,"CH","CH-2013",2013,0,0.649382550146517,2.61244047698481,8.21052149105759,11.9707985823811,4.42541335377064,0
23519461,"CH","CH-2003",2003,0.000998866850877013,0.591213599072131,2.76950496464829,7.42230597108158,12.4286087656956,4.32931131126639,0
23519461,"CH","CH-1992",1992,0,0.753444480758418,3.55173793588733,7.95737129006015,11.4553534364947,4.56588002890497,0
23519461,"CH","CH-2002",2002,0,0.741544634874462,3.00534899421475,8.21137227547624,11.7900643763051,4.40153440513641,0
23519461,"CH","CH-2005",2005,0,0.898070623261059,3.03585038616597,7.40131524475979,11.8214250462257,4.50830683530368,0
23519461,"CH","CH-1999",1999,0,0.624644546062321,2.68673419256774,6.86544769520699,10.8613889311949,3.79805835721298,0
23519461,"CH","CH-2017",2017,0,0.571987503497344,3.26991813906753,6.65790226111364,11.5536312826657,4.20798822192801,0
23519461,"CH","CH-2004",2004,0,0.421466555333192,4.06131998705354,7.76267363233555,11.8232846649674,4.48402956003402,0
23519461,"CH","CH-1998",1998,0,0.450894406953615,2.61365017709822,7.00321366715902,11.9993284764767,4.19527612902783,0
23519461,"CH","CH-2019",2019,0,0.432165548050544,3.00914213055415,7.33643169547827,11.1838705062237,4.13911891191584,0
23519461,"CH","CH-2000",2000,0,0.628402039082199,3.7522802804152,7.5700644984425,11.7927210972863,4.46441239927132,0
23519461,"CH","CH-2001",2001,0,0.435026225320483,3.24476005738356,9.10432842422273,12.3212260432909,4.76377866805401,0
23519461,"CH","CH-2014",2014,0.0382921029438181,0.69906749486459,2.80814851293542,7.90069135045814,11.6802888091284,4.15825880065371,0
23519461,"CH","CH-1997",1997,0,0.356324287818265,2.00748477121022,6.75305567823515,10.4986947253478,3.72027662317417,0
23519461,"CH","CH-1994",1994,0,0.518493846191225,3.91281578467762,8.6014849596226,12.355230909635,4.74290104438152,0
23519461,"CH","CH-1995",1995,0,0.719987676477189,2.51510028086434,6.26536044680647,10.341844481119,3.75650009980152,0
23519461,"CH","CH-2018",2018,0.0658771470694803,0.477694509402604,2.60025627084259,7.86681126603548,11.9083363884527,4.23320167382463,0
23519461,"CH","CH-2012",2012,0.102107597309764,0.534211787651173,3.00578065341787,7.85475664311189,11.7395970987787,4.19694282683945,0
23519461,"CH","CH-2009",2009,0,0.714220351809028,2.80245102988263,8.32569086263897,11.1592134241598,4.23291845086615,0
23519461,"CH","CH-2010",2010,0,0.550678640307875,2.47771222136846,7.00610025246391,11.04275550898,3.83015909378341,0
23519461,"CH","CH-1996",1996,0,0.901073374863128,2.55137553658396,5.40801834815896,10.9918712242435,3.76511271170882,0
23519461,"CH","CH-2007",2007,0,0.572024492166517,3.08530988922785,9.29678616792702,13.2808972391889,5.01969150628394,0
23519461,"CH","CH-2008",2008,0,0.587914340245908,2.65458112119699,7.32946233245739,11.3334929882041,4.05546806659691,0
23519461,"CH","CH-2023",2023,NA,NA,NA,NA,NA,NA,NA
23519461,"CH","CH-2011",2011,0,0.714504222953706,2.15539569392282,7.3217055852399,10.7261624092592,3.88757605128886,0
23519461,"CH","CH-2020",2020,0,0.466248961815384,2.25469729621649,7.75801197899828,11.5008278011166,4.17283369739039,0
23519461,"CH","CH-2021",2021,0,0.478942758970541,3.21344596467426,9.03008139253808,12.6661156270886,4.6687919669455,0
23519461,"CH","CH-2022",2022,NA,NA,NA,NA,NA,NA,NA
23519461,"CH","CH-2006",2006,0,0.792856287032382,3.19527795841106,7.84220435797717,11.9860119636475,4.39991452422991,0
23519461,"CH","CH-2024",2024,NA,NA,NA,NA,NA,NA,NA
23519801,"LO","LO-2011",2011,0.593253135196625,1.37192925100812,3.09849225286553,9.10509294743219,12.5440421486834,4.96909832117371,0
23519801,"LO","LO-2012",2012,0.781363438970485,1.28034513040058,4.0269247866059,9.5002770800661,13.7084724213129,5.36958249554269,0
23519801,"LO","LO-2013",2013,0.501098759480842,1.48827590092854,3.58307676541552,9.54538372521392,13.8383197191448,5.59994065696925,0
23519801,"LO","LO-2010",2010,0.598020143614078,1.28175222433397,3.20710398529937,8.47349137656844,12.7243891808457,4.76175006743168,0
23519801,"LO","LO-2021",2021,0.390969828431778,1.10684610709757,4.13971210476164,10.8860041332363,14.5447560554208,5.86352358948454,1
23519801,"LO","LO-2022",2022,NA,NA,NA,NA,NA,NA,NA
23519801,"LO","LO-2023",2023,NA,NA,NA,NA,NA,NA,NA
23519801,"LO","LO-2024",2024,NA,NA,NA,NA,NA,NA,NA
23519801,"LO","LO-2009",2009,0.599616115017865,1.56210862848925,3.88485997688876,9.65549190027055,13.1000777089259,5.33975711091938,0
23519801,"LO","LO-1997",1997,0.424898729738933,1.12061058573936,2.99233767625481,8.16416651976277,12.1640425722824,4.74250847244053,0
23519801,"LO","LO-1998",1998,0.561050355480921,1.21024104632117,3.35601596070972,8.01585226380483,13.5219507781416,5.07773739928147,0
23519801,"LO","LO-1999",1999,0.594399644252863,1.29438981030881,3.57492210729239,8.37267775087868,12.830868030732,4.8479043196428,0
23519801,"LO","LO-2000",2000,0.468723187052245,1.39872068317419,4.71790709580527,8.64953591077759,13.4483692949881,5.53090355204303,4
23519801,"LO","LO-2001",2001,0.310646497711617,1.16224840863228,4.00296765799101,9.98528658105509,13.7757256912598,5.64239294176129,3
23519801,"LO","LO-2002",2002,0.499678847012355,1.4066845043024,3.95973128870281,9.58041168228472,13.4547994872664,5.46987835102417,2
23519801,"LO","LO-2014",2014,0.561258226080499,1.4607257122638,3.70267696763949,9.32362046515838,13.3800842635788,5.24271804559506,0
23519801,"LO","LO-2015",2015,0.752568746758983,1.9843048384662,4.41374522347929,10.2816524113349,13.4237642995831,5.99608513780524,0
23519801,"LO","LO-2008",2008,0.465305523042421,1.4436460849909,3.41514938967931,8.78710202578083,13.1801548894854,5.05467022840661,0
23519801,"LO","LO-2007",2007,0.46927811957915,1.34928601518687,4.06218728458258,10.1292576940479,14.7072036525587,5.95584832676516,9
23519801,"LO","LO-2017",2017,0.468497120401457,1.24147138423696,3.91369583384589,8.31470966481765,13.7456094921942,5.32734513101235,0
23519801,"LO","LO-2018",2018,0.765218772552572,1.33867800241528,3.56149951728101,9.24985751266538,14.0351291817483,5.35251302357723,0
23519801,"LO","LO-2019",2019,0.422665331597626,1.1410888944338,3.90097098541581,9.10040122275979,13.1942917117064,5.25005466795116,0
23519801,"LO","LO-2016",2016,0.655364590052703,1.73531390235826,4.94656140440702,9.4027583273874,13.1583970387965,5.78681465279944,0
23519801,"LO","LO-2006",2006,0.489999399895831,1.41981915613377,4.00608124550629,9.21898181565213,13.5355323486106,5.4661974077505,5
23519801,"LO","LO-1993",1993,0.475863568783525,1.26983709152015,3.56525805484263,7.61699223881858,10.6413705055267,4.60938237458598,0
23519801,"LO","LO-1994",1994,0.41556892599344,1.17458768576288,4.33240176159436,9.82401598509643,13.5818472601522,5.63190112726978,0
23519801,"LO","LO-2020",2020,0.356798623316672,1.23567926512451,3.39103804117986,8.93462626463809,13.5384050195178,5.16004718596353,0
23519801,"LO","LO-1992",1992,0.40785029800327,1.33467348098104,4.23008321479594,9.0076732766703,13.0468580072151,5.4427514855917,0
23519801,"LO","LO-2005",2005,0.551993073834231,1.70834906318411,3.81331851884509,8.52575077441016,13.502511071064,5.39283943256243,0
23519801,"LO","LO-1995",1995,0.586985755243455,1.41478240540716,3.29938461711223,7.4054463821617,11.8785366745848,4.64757180914026,0
23519801,"LO","LO-1996",1996,0.434057260392408,1.77494843441777,3.47478394691072,6.81708291275662,12.5095651640669,4.80223026065105,0
23519801,"LO","LO-2003",2003,0.623361659842874,1.39293130142089,3.75900929159049,9.6091200541343,14.2395756962551,5.49471305708889,7
23519801,"LO","LO-2004",2004,0.476318900411833,1.2156949210463,4.7431342461128,8.92707826322556,13.3470571493668,5.4807914749191,0
23531915,"BL","BL-1999",1999,0.815884491516231,1.57586538628173,4.52805080617025,9.22425954015339,14.7639426771294,5.78055672094964,16
23531915,"BL","BL-2000",2000,0.745927096578021,2.00093139102321,5.5213353683446,9.83897130445043,15.493603408298,6.55450727557305,27
23531915,"BL","BL-2001",2001,0.520148378065404,1.49254404074326,4.89470238813607,11.9683564291214,15.9919749924628,6.74168635172358,45
23531915,"BL","BL-2002",2002,0.574021092414312,1.53766695116439,5.0517258678132,11.2416105275409,15.5360824953735,6.58203507485091,25
23531915,"BL","BL-2003",2003,0.952080989607531,2.02259706704853,4.86674214937883,11.0668868457605,16.4237516560499,6.62642525982778,43
23531915,"BL","BL-2004",2004,0.813833819318157,1.70124834111387,5.93741830232197,10.8577491586691,15.4797481804241,6.60852198485511,34
23531915,"BL","BL-2005",2005,0.865657532565897,2.30858300886187,5.40365581624519,10.2677943849744,15.7081278943792,6.70884946711644,33
23531915,"BL","BL-2006",2006,0.848465401145041,1.7376686529477,5.26167535117723,10.9845816295888,15.6098373058806,6.618403087639,35
23531915,"BL","BL-2007",2007,0.49933535431197,1.88703881514808,5.1141196816735,11.9427308742713,16.9029972599255,7.00282154746452,45
23531915,"BL","BL-2008",2008,0.537128059636959,1.84160899614559,4.55976945806992,9.82144846527153,15.1634328574644,6.00541682849985,22
23531915,"BL","BL-2009",2009,0.668837080110373,2.08165783845219,4.77151444641963,11.6619466418736,15.3780946647849,6.51825225753841,22
23531915,"BL","BL-2010",2010,0.737763868769296,1.83516959437516,4.51703598372623,10.2792607814856,15.0029637415281,5.98339447040549,19
23531915,"BL","BL-2011",2011,0.639741133215691,1.64252195446647,4.09521375748685,10.5646585430963,15.0252552990443,6.08014217383563,21
23531915,"BL","BL-2012",2012,0.651416007753063,1.55981572044545,5.19958892174894,11.7766732839148,16.1268626400723,6.55996558206371,48
23531915,"BL","BL-2013",2013,0.685595809264628,1.83179572916628,5.02365770941807,11.7285190402048,16.2137804550109,6.83749064828299,60
23531915,"BL","BL-2014",2014,0.598707843288207,1.95833501361186,4.85218779201516,10.9677102350772,15.8836353704099,6.4125054604592,37
23531915,"BL","BL-2015",2015,1.05299051827569,2.32770757101258,5.93904469010805,12.3092225645349,15.9129851097,7.27447818693554,38
23531915,"BL","BL-2016",2016,0.814684644751056,2.10947774419532,5.93443720362608,11.1519105179786,15.4582946170812,6.90198431914046,24
23531915,"BL","BL-2017",2017,0.444797125466918,1.96972135583006,5.26837783702014,10.0468873511694,15.9442265671572,6.6235972266578,50
23531915,"BL","BL-2018",2018,1.00937086690411,1.74484774484093,4.7052952986089,11.0954042236911,16.115094331881,6.49479543450996,39
23531915,"BL","BL-2019",2019,0.72284478229922,1.47353551828633,4.98974007054326,10.8903338757922,15.2601819187697,6.40777952063384,29
23531915,"BL","BL-2020",2020,0.628914522165706,1.66978716025887,4.26987808130268,11.0355274110493,15.5181299168011,6.26571777832348,28
23531915,"BL","BL-2021",2021,0.588453277933822,1.49527549026869,5.41985019756205,12.6298818865999,16.9058159237142,7.03459434266329,54
23531915,"BL","BL-2022",2022,NA,NA,NA,NA,NA,NA,NA
23531915,"BL","BL-2023",2023,NA,NA,NA,NA,NA,NA,NA
23531915,"BL","BL-2024",2024,NA,NA,NA,NA,NA,NA,NA
23531915,"BL","BL-1998",1998,0.792248012912453,1.5830061173532,4.36153773911788,9.46968641989772,15.7068390262344,6.24814344409706,37
23531915,"BL","BL-1994",1994,0.597599271105335,1.5836587798478,5.5244213985095,11.5674921852529,15.6220045237804,6.69339292735215,33
23531915,"BL","BL-1995",1995,0.791972014970413,1.79765658194119,4.66384793157327,9.20580364959705,14.0848034057053,5.86579708256942,2
23531915,"BL","BL-1992",1992,0.647730954289917,1.82585440155257,5.47227872707794,10.6945145777444,15.1779408132348,6.66904951710029,22
23531915,"BL","BL-1993",1993,0.467969084447815,1.53780061837443,4.82116464305899,9.46267877983185,12.8015441137531,5.72532632527587,0
23531915,"BL","BL-1996",1996,0.59256285955006,1.98673843815797,4.40629035307176,8.04525420045309,14.3462282807109,5.69287141282335,8
23531915,"BL","BL-1997",1997,0.466365577944524,1.44590185008527,4.33154512323766,9.88080094435551,14.0494257108726,5.77465035946525,2
23532105,"BU","BU-2011",2011,0,0.59426632625223,2.26910468751574,8.10770594123651,11.6920333291424,4.21923981880511,0
23532105,"BU","BU-2012",2012,0,0.4234174773348,3.19665301283817,8.76516122606281,12.5717721591677,4.55718185892376,0
23532105,"BU","BU-2015",2015,0,0.829714128718063,3.89420871792376,9.81775060696356,12.4024964854894,5.18435708453943,0
23532105,"BU","BU-2016",2016,0,0.870795701630933,3.7665916653949,8.35193653511555,11.8716098166927,4.85001978332418,0
23532105,"BU","BU-2013",2013,0,0.56954483942994,3.04090353989035,9.41638486209476,12.5344937972929,4.79804353495947,0
23532105,"BU","BU-2014",2014,0,0.759029521109332,3.16107843728616,8.50599911630159,12.5018366033868,4.53819674948065,0
23532105,"BU","BU-2010",2010,0,0.653061634650415,2.72406143800474,7.68190452674957,11.8009061046492,4.152250007918,0
23532105,"BU","BU-2024",2024,NA,NA,NA,NA,NA,NA,NA
23532105,"BU","BU-1998",1998,0,0.392366847545162,2.59531207451931,7.32528130242827,12.4421705999882,4.37916993576842,0
23532105,"BU","BU-1999",1999,0,0.582221075940557,2.92452574956689,7.29105176622111,11.6616324984954,3.96869676272238,0
23532105,"BU","BU-2000",2000,0,0.696045336265226,3.46395291966938,7.71982819638343,12.0409477217288,4.53012982891816,0
23532105,"BU","BU-2001",2001,0,0.39652576616581,3.10204499232057,9.44463789849417,12.4033034159382,4.74991697776786,0
23532105,"BU","BU-2002",2002,0,0.678428694366921,3.18097306949594,8.45755457887583,12.0294355745479,4.65150340363616,0
23532105,"BU","BU-2003",2003,0,0.766821654725961,3.02452771599844,8.53882587484533,12.6297931839522,4.61627294002135,0
23532105,"BU","BU-2004",2004,0,0.504100306558044,3.61456124861826,8.2614061744975,12.2948558069951,4.66957279569547,0
23532105,"BU","BU-1992",1992,0,0.750865085721998,3.43157871625441,8.46961327848118,11.8759655169504,4.77985979492466,0
23532105,"BU","BU-1993",1993,0,0.666054292848176,3.03942889414642,7.0663603557181,10.1524168473479,3.94787416739484,0
23532105,"BU","BU-1994",1994,0,0.580000444832714,3.65277606624775,8.67480696436675,12.2381325749914,4.78221645168338,0
23532105,"BU","BU-1995",1995,0,0.72363610662151,2.92484729678589,6.67143519012173,10.9506748010113,4.05483679573433,0
23532105,"BU","BU-1996",1996,0,0.850753214198267,2.77395993706549,5.94641884637302,11.24347519032,3.95479979512629,0
23532105,"BU","BU-1997",1997,0,0.402395870452082,2.44032701890297,7.43715021243737,11.2352548853581,4.04228498852008,0
23532105,"BU","BU-2006",2006,0,0.756974892503573,3.37219596917305,8.65122141924049,12.3678056951135,4.64427399082659,0
23532105,"BU","BU-2007",2007,0,0.584742660974448,3.3548672417423,9.3496143823008,13.1610695129839,5.06373439725957,0
23532105,"BU","BU-2017",2017,0,0.654607004418823,3.46282402281797,7.70976598319043,12.4713446450369,4.68820401525849,0
23532105,"BU","BU-2005",2005,0,0.863518322300543,3.1363929617178,7.6280465971934,12.1793997665106,4.68231460944185,0
23532105,"BU","BU-2023",2023,NA,NA,NA,NA,NA,NA,NA
23532105,"BU","BU-2019",2019,0,0.440591849682231,3.12370758596477,8.20887124017688,12.0771851553138,4.49083423651093,0
23532105,"BU","BU-2008",2008,0,0.596857596109117,2.93276225438101,7.31826406152275,11.8564132953951,4.23961954110533,0
23532105,"BU","BU-2009",2009,0,0.815876221752881,3.12659132754741,8.97848928504355,12.059081802693,4.69255246032175,0
23532105,"BU","BU-2018",2018,0,0.527964912704249,2.97073041278037,8.77717405729264,12.5896438387603,4.56519179381386,0
23532105,"BU","BU-2020",2020,0,0.539164752315275,2.57767975662783,8.53685655536982,12.1372817187153,4.36479850302784,0
23532105,"BU","BU-2021",2021,0,0.414865831325721,3.20160722846538,9.58847084859542,13.1064792417003,4.9193027731159,0
23532105,"BU","BU-2022",2022,NA,NA,NA,NA,NA,NA,NA
23532249,"RU","RU-1997",1997,0.781004323132748,1.59852095336164,4.08946137115042,9.38451464846659,13.1092249342585,5.63614642824831,0
23532249,"RU","RU-1994",1994,0.804088237104015,1.74064249472414,5.54455607256445,10.7628776738267,14.2610844026663,6.57309633706037,10
23532249,"RU","RU-1995",1995,1.01706095271041,1.85623521423954,4.68295451585802,9.42011855544889,12.9839840268442,5.74671691987025,0
23532249,"RU","RU-1996",1996,0.818985262572639,2.02069281346157,4.36988813844338,8.76577690268632,13.2950327608134,5.56712733628788,0
23532249,"RU","RU-1998",1998,0.826990987499902,1.6976751393686,4.32130036269878,9.37956315398169,14.4634844929854,6.0505652365959,0
23532249,"RU","RU-2023",2023,NA,NA,NA,NA,NA,NA,NA
23532249,"RU","RU-2024",2024,NA,NA,NA,NA,NA,NA,NA
23532249,"RU","RU-2013",2013,0.902134956675652,1.89064130633114,5.32272577041576,11.7301842417723,15.0138522712561,6.68140883663068,19
23532249,"RU","RU-2022",2022,NA,NA,NA,NA,NA,NA,NA
23532249,"RU","RU-1993",1993,0.948637203614762,1.67052712040107,4.90653215069132,9.29569746177831,12.0786568199176,5.6718086254984,0
23532249,"RU","RU-2006",2006,1.02581730334124,1.96756760306146,5.31060873717052,11.2007782409815,14.4673779549171,6.44640895625331,12
23532249,"RU","RU-2007",2007,0.852002647039954,1.91180772606983,5.37979748346013,11.3060663792265,15.4851273335931,6.80864697650832,29
23532249,"RU","RU-2008",2008,0.845871078275254,1.87591008021642,4.59744203318045,9.89942200766454,14.0379739852956,5.90102660847844,0
23532249,"RU","RU-2009",2009,0.95275471678328,2.075054848421,4.91837859300443,10.8229726991462,14.0726118849237,6.30756939889144,2
23532249,"RU","RU-2010",2010,0.852193075189794,1.8578977368984,4.4042082536862,9.70839181655657,14.0825661077159,5.91788300136602,0
23532249,"RU","RU-2011",2011,0.877991578859876,1.74858770515978,4.12574204221171,10.3420907618975,13.9379735754564,5.94362039126874,0
23532249,"RU","RU-1999",1999,0.916473043456231,1.8445260402005,4.67905651317661,9.8172139977224,13.6727768491415,5.70573560397049,0
23532249,"RU","RU-2000",2000,0.900194522703199,1.98886409705269,5.94410506103673,10.3220890880204,14.2067051196399,6.47336273006921,9
23532249,"RU","RU-1992",1992,0.814759093275694,1.83455658925606,5.97900859783801,10.5079866596852,13.8607393277788,6.48798076681108,1
23532249,"RU","RU-2018",2018,1.0309065880594,1.7068650868554,4.63258622698496,10.8064242705506,14.7685861214595,6.27571110482033,7
23532249,"RU","RU-2019",2019,0.783372220398423,1.60890159440645,5.0926702296186,10.8391336155998,14.257616453485,6.28952021628835,4
23532249,"RU","RU-2020",2020,0.764327225039621,1.77413287845533,4.33692385907664,11.0778803284046,14.4641032369798,6.3232854479211,9
23532249,"RU","RU-2021",2021,0.662442487307516,1.58113476970063,5.57331896585174,12.0917550240177,15.5909118001061,6.85987820465653,42
23532249,"RU","RU-2001",2001,0.62263950560694,1.56850154726769,4.92248248635146,11.4125840373173,14.7386631251109,6.59756787869166,11
23532249,"RU","RU-2002",2002,0.802537000520821,1.75735481714444,5.15835039098169,11.1535217660661,14.3460028974858,6.49664354462471,14
23532249,"RU","RU-2012",2012,0.748270011235063,1.66772690513372,5.32461438780519,10.997984533673,14.8723459843259,6.41964611867651,13
23532249,"RU","RU-2004",2004,0.89549495281646,1.77273949401095,6.29200482124798,10.4263926346952,14.3010597094695,6.56296907633713,0
23532249,"RU","RU-2005",2005,0.918077205593897,2.14534052325246,5.64479533420764,10.4212209978895,14.5872338654096,6.54183242735183,10
23532249,"RU","RU-2017",2017,0.906664098863431,2.00639643371425,5.27182152297654,10.5729013704528,14.7530431517012,6.42508358965341,10
23532249,"RU","RU-2003",2003,0.974227786270131,2.03278269215965,4.77658129735982,10.7192584574408,15.096500803823,6.41332122346359,20
23532249,"RU","RU-2015",2015,1.06733486885877,2.39959681295602,6.02526665675883,12.0012780677687,14.9895789403643,7.07074998407259,19
23532249,"RU","RU-2016",2016,0.926090999337628,2.16044754253315,6.46166385815941,10.6733048345477,14.316310557107,6.81454495675292,6
23532249,"RU","RU-2014",2014,0.963422718866483,2.12190024250239,5.07038562278264,10.8691067007526,14.704993086634,6.33270540312851,7
23532519,"CA","CA-2019",2019,0,1.09027161988946,5.15901343278232,10.7226209952531,15.2942478325984,6.26020106789487,26
23532519,"CA","CA-2020",2020,0,1.16860903561578,4.1812576497978,10.5305916634504,15.0969615673896,6.09182609785651,22
23532519,"CA","CA-2022",2022,NA,NA,NA,NA,NA,NA,NA
23532519,"CA","CA-2023",2023,NA,NA,NA,NA,NA,NA,NA
23532519,"CA","CA-2005",2005,0.247760924363955,1.69962164798108,5.28296906910325,9.94332050687277,15.2093982011884,6.28555812831079,26
23532519,"CA","CA-2021",2021,0,1.00384891255875,5.57201026961025,12.686600705874,16.462827550533,6.88631857264324,55
23532519,"CA","CA-1993",1993,0,0.931629546453922,4.83928360402637,9.52432998026665,12.6716500482527,5.52228721202953,0
23532519,"CA","CA-1994",1994,0,1.06526821894897,5.58003879512971,11.4914659097353,15.3131968390034,6.65032485128972,30
23532519,"CA","CA-1995",1995,0.255305573096111,1.27846814468306,4.26022036570406,8.81947900356703,13.8096062820679,5.56670678570346,2
23532519,"CA","CA-1992",1992,0.0152335342742954,1.309083731915,6.15475826754181,10.8196840639946,14.76130172673,6.47345607005276,15
23532519,"CA","CA-2006",2006,0.270694280386691,1.27293927445003,5.40068677811157,10.776417310232,15.2296050031871,6.31513867853746,23
23532519,"CA","CA-2003",2003,0.284608560776864,1.46072801995822,4.78499469171396,10.8555665784582,16.4301362158852,6.32274647059107,41
23532519,"CA","CA-2004",2004,0.0826061144107415,1.31396282415742,6.69405300624225,10.441239274608,15.1026822247254,6.52489467476568,23
23532519,"CA","CA-2018",2018,0.327963194816193,1.17974335909922,4.99930569913655,10.9543616936455,15.8609362213893,6.28505519606608,34
23532519,"CA","CA-2024",2024,NA,NA,NA,NA,NA,NA,NA
23532519,"CA","CA-2007",2007,0,1.47522936284504,5.37780703353529,11.5117278424496,16.4753555362024,6.71213991207162,41
23532519,"CA","CA-2008",2008,0,1.3798933967135,4.55131451743401,10.1673542660516,14.7317019683858,5.766374291294,11
23532519,"CA","CA-2009",2009,0.00520008888905933,1.65289290534925,4.80576885941784,10.9370034461957,14.8724754168294,6.12378181156232,15
23532519,"CA","CA-1999",1999,0.246273747033877,1.2971192027023,4.6668294204057,10.2204537281117,14.5267293733883,5.68126119827516,4
23532519,"CA","CA-2000",2000,0.206380643756542,1.51658972392699,6.14146514870895,10.1872247795192,15.2415905453808,6.50917623078992,24
23532519,"CA","CA-2001",2001,0,0.946499511859402,5.0376002694013,11.5012937643368,15.4288952265713,6.43387543233213,29
23532519,"CA","CA-2002",2002,0,0.883443207185365,5.00875073240799,10.9505188133862,15.0806246030139,6.247752071697,19
23532519,"CA","CA-2017",2017,0,1.54695415814927,5.39784209305379,10.782997247383,15.6220223341358,6.46831509473849,39
23532519,"CA","CA-2013",2013,0.00182331015601945,1.40554050834878,5.6112517221987,11.9708711408625,15.9876657994147,6.66878653663849,48
23532519,"CA","CA-1996",1996,0.0981904461103133,1.80132766084714,4.24745213224164,9.54455482699873,14.4423436918271,5.63991803105676,6
23532519,"CA","CA-1997",1997,0.0557240437142621,1.12151656221723,3.91493309044618,9.78171644534053,13.7900611754786,5.54611508871685,0
23532519,"CA","CA-1998",1998,0.0693066665597405,1.04342609386884,4.37241271593597,8.96193055646493,15.1459510868084,5.83738419885809,22
23532519,"CA","CA-2012",2012,0.0778302838501124,1.10076722396459,5.23191937828499,11.2757688818338,15.6857715076819,6.4437555423087,40
23532519,"CA","CA-2014",2014,0,1.69855872140601,4.96275018943666,11.0965317593831,15.6154979299267,6.25881137829189,34
23532519,"CA","CA-2015",2015,0.207298546672075,1.65126088589492,5.98950219382274,12.0570809706879,15.5498091603905,6.9315147516696,28
23532519,"CA","CA-2016",2016,0.149308790697123,1.66996308467093,6.78084247664866,11.0864298055455,15.42910409482,6.82785789038498,24
23532519,"CA","CA-2010",2010,0.0131376276547935,1.27272967623449,3.87817718642571,9.52986147447497,14.6578404318245,5.49826099131133,7
23532519,"CA","CA-2011",2011,0.047029629815688,1.1467967437171,4.00367004856228,10.7562568646112,14.5715462409285,5.86121138437371,6
23540958,"WC","WC-2007",2007,0,0.981026826602908,3.90203304655387,9.70048464440773,13.9950586665733,5.54699539869018,3
23540958,"WC","WC-2008",2008,0,0.977862205790551,3.6411370736183,8.01043333063728,12.6209183389927,4.73481906917629,0
23540958,"WC","WC-2009",2009,0.0466269853745013,1.10736247322803,3.7813597979452,9.53110782785233,12.844883658111,5.11955156738397,0
23540958,"WC","WC-2010",2010,0.0443865615293203,0.917343297519218,3.33327322981985,8.4632619464436,12.6434031288027,4.76705416833501,0
23540958,"WC","WC-2011",2011,0,0.749834789012076,2.92662649799994,8.50314547888948,12.6045669079163,4.67379445392018,0
23540958,"WC","WC-2003",2003,0.000464236007211316,1.04703558723147,3.75616361046861,8.86598394902884,13.5798704627989,5.10309361686062,0
23540958,"WC","WC-2004",2004,0.00244524098201267,0.763648120000564,4.49249067206146,8.87532129207895,13.161520717058,5.19903437718628,0
23540958,"WC","WC-2005",2005,0,1.16841597637968,4.01475119200249,8.4240264567643,13.127353957065,5.26003683084638,0
23540958,"WC","WC-2006",2006,0.133578809997242,1.01568907836974,4.18523618253627,9.47401669451192,13.1950339773744,5.31299670178434,0
23540958,"WC","WC-2020",2020,0,0.758630165549629,2.92854280842185,9.16921346726868,13.0246460596271,4.96830311593528,0
23540958,"WC","WC-2021",2021,0,0.6126102353791,4.29789188707906,10.5438051238788,14.3038649176059,5.63715039126366,3
23540958,"WC","WC-2022",2022,NA,NA,NA,NA,NA,NA,NA
23540958,"WC","WC-2023",2023,NA,NA,NA,NA,NA,NA,NA
23540958,"WC","WC-2024",2024,NA,NA,NA,NA,NA,NA,NA
23540958,"WC","WC-2012",2012,0,0.687351962940098,4.06238056921601,9.49349557167636,13.5149210317821,5.09215823506113,0
23540958,"WC","WC-2013",2013,0,0.897568834751502,3.78199596510026,10.3805880381909,13.6668400694738,5.42745205188184,0
23540958,"WC","WC-2014",2014,0.13775885459747,1.15090762731419,3.64717727231589,8.86987558465062,13.3993990184396,4.99396711373638,0
23540958,"WC","WC-2015",2015,0.00753882059405356,1.10205972794778,4.58812089426039,10.2275728677994,13.315421640404,5.67447566192345,0
23540958,"WC","WC-2016",2016,0.11168584655475,1.15633750317043,4.88875145434057,9.35038145601939,12.6996652456853,5.48968703527668,0
23540958,"WC","WC-2017",2017,0,1.07607991423478,4.09335523228119,9.46457039823047,13.62616270201,5.43643063901664,0
23540958,"WC","WC-2018",2018,0.133865710734377,0.754652311375389,3.34091073579128,9.32501276264493,13.4409274600249,5.04199827555226,0
23540958,"WC","WC-2019",2019,0,0.617840586933324,3.7953477364429,9.27110230627507,12.9474828109197,5.10969239938682,0
23540958,"WC","WC-1992",1992,0,0.84999041362403,4.58262053022966,9.02998227325523,12.9323657568186,5.35051655062636,0
23540958,"WC","WC-1993",1993,0.0181067648544452,0.774757827070191,3.71977595682669,8.2313997974827,10.9752280194755,4.61523124319809,0
23540958,"WC","WC-1994",1994,0,0.765545019728778,4.45920575271689,9.28786154265039,13.2272079740381,5.33602828430904,0
23540958,"WC","WC-1995",1995,0.0915163084123249,0.922553911442419,3.39202192693184,8.43894676196306,11.9189494997578,4.65525384445134,0
23540958,"WC","WC-1996",1996,0,1.01778246541151,3.17584471884653,6.59050507058733,12.09412014879,4.3568754996823,0
23540958,"WC","WC-1997",1997,0,0.622334141371061,3.02177231179533,8.17706126518141,12.0804163964235,4.54872396968992,0
23540958,"WC","WC-1998",1998,0,0.751085102700598,3.18891067923754,8.3587113105667,13.4991959999197,5.0207708095809,0
23540958,"WC","WC-1999",1999,0.0627039787170146,0.968481799767034,3.51593231427934,8.10876546782205,12.4255630586099,4.58649190596991,0
23540958,"WC","WC-2000",2000,0.0014191959356274,1.03385725688586,4.62294988005208,8.85763192034774,12.9518347966159,5.22751465481993,0
23540958,"WC","WC-2001",2001,0,0.600044842787633,3.67900498134524,10.055621700834,13.3660143963882,5.28028182834595,0
23540958,"WC","WC-2002",2002,0,0.793916028682887,3.7092651442711,9.13729928791616,12.9020014654011,5.11032130949817,0
23540972,"CL","CL-2008",2008,0.0151982403372527,1.0731434116856,3.82854498539433,7.99513830433837,13.1293131537846,4.88531231962978,0
23540972,"CL","CL-2021",2021,0.062079897632435,0.830507905564508,4.24211313582168,10.908831288172,15.1137573231563,5.94941048735489,19
23540972,"CL","CL-2009",2009,0.215765433053109,1.25187583409787,4.0070687687618,10.0032212350946,13.4381842288998,5.35414177446303,0
23540972,"CL","CL-2007",2007,0.0579628585562145,1.21408337233593,4.17397814414384,10.2077962786619,14.9426678867512,5.78885343138403,17
23540972,"CL","CL-2020",2020,0.136756145468548,0.967001737576866,3.30318375558537,9.26399555938523,13.6007694226705,5.20718486355257,3
23540972,"CL","CL-1992",1992,0.103318384582217,1.08133423850241,4.71146110707478,9.34175511099496,13.2861567953155,5.58055338701298,0
23540972,"CL","CL-1993",1993,0.0208086281500477,0.921475084311206,4.01553552605287,8.18168059161603,11.4903651130988,4.75607530012072,0
23540972,"CL","CL-2022",2022,NA,NA,NA,NA,NA,NA,NA
23540972,"CL","CL-2010",2010,0.367338152202494,1.0887564976414,3.71986020169205,8.85665543912286,13.2201013657325,5.05014179989737,0
23540972,"CL","CL-2011",2011,0.172131477449576,0.998892912718554,3.17111293166822,8.46380920144858,13.1466340134685,4.85877067348445,0
23540972,"CL","CL-2024",2024,NA,NA,NA,NA,NA,NA,NA
23540972,"CL","CL-2018",2018,0.366623520106054,0.944076189910732,3.75159366966772,9.298236719972,14.2037373920605,5.33599002932596,2
23540972,"CL","CL-2019",2019,0.240086447153263,0.81685565100971,4.0867112350906,9.38517490759403,13.5617600453038,5.36991983184372,0
23540972,"CL","CL-2006",2006,0.265095929371422,1.10330937807749,4.41262360667857,9.19879131205764,13.8150892817805,5.52393188469099,6
23540972,"CL","CL-2016",2016,0.290412767424973,1.40939648936144,5.65703669945944,9.21545031011424,13.1512386831651,5.73405248199733,0
23540972,"CL","CL-2017",2017,0.0589136372693494,1.29759812897466,4.3470402552889,8.78185533922533,14.3291962905001,5.66426305517227,3
23540972,"CL","CL-1994",1994,0.224716256811385,0.971606840986566,4.88578725663552,9.85488637510701,13.893316512368,5.56901178162954,2
23540972,"CL","CL-2023",2023,NA,NA,NA,NA,NA,NA,NA
23540972,"CL","CL-2005",2005,0.243690165863543,1.50039878426132,4.23115844819204,8.74712414932062,13.7673585471325,5.52228202574102,0
23540972,"CL","CL-1996",1996,0,1.21836710347565,3.34308182382583,6.36712375947309,12.5019070181125,4.47027321350344,0
23540972,"CL","CL-2003",2003,0.335992776982703,1.29113962483273,4.10155275682486,8.79924985253798,14.1419444283037,5.35042548218408,6
23540972,"CL","CL-2004",2004,0.213487077737682,0.898578589871838,4.87372197160194,9.41442074483209,13.8429852182876,5.46439707060186,0
23540972,"CL","CL-1995",1995,0.180865722087511,1.09890711631955,3.67782421488669,7.75096892576579,12.4039044544884,4.80857430404565,0
23540972,"CL","CL-2015",2015,0.176974167465485,1.39569248190139,4.77582858232582,10.1653084869294,13.8188582640952,5.99618537615314,2
23540972,"CL","CL-2012",2012,0.131632751361117,0.829597905848076,4.1053662863219,9.79311239397352,14.1610532158104,5.31792475039426,0
23540972,"CL","CL-2013",2013,0.12310422623313,1.03301832855412,3.89323514616532,10.1697834064942,14.4061187470616,5.65454074081146,2
23540972,"CL","CL-2014",2014,0.278929608785971,1.34375202678443,3.9042607791561,9.14703844353224,14.0521802976386,5.22620835315621,0
23540972,"CL","CL-1998",1998,0.164165615679219,0.886941710464816,3.34094402739492,8.11029889946782,14.2218831023275,5.19445965622321,0
23540972,"CL","CL-2000",2000,0.0862583541696411,1.25068209234653,4.90408715591768,7.94646031472688,13.5121346269632,5.36787409822647,1
23540972,"CL","CL-2001",2001,0.0374193861631537,0.779558920249982,3.79027139400363,10.2810188144669,14.0807412717167,5.5390611274541,0
23540972,"CL","CL-2002",2002,0.162887768769618,1.01509614884249,3.78736139803273,9.24906739571882,13.5914724288909,5.27872648674418,5
23540972,"CL","CL-1999",1999,0.207941100337239,1.07080703679003,3.68722516174875,7.16318193823911,12.9471491567553,4.67826203299554,0
23540972,"CL","CL-1997",1997,0,0.785505627288601,3.22141496723304,8.21414124133361,12.3764732924163,4.65537189659021,0
23551160,"SE","SE-1998",1998,0,0.494529755909718,3.01482090655136,7.93171757694369,14.2145838208902,4.84742437733765,2
23551160,"SE","SE-2014",2014,0,0.864425073505622,3.81621049230387,9.01061532661971,13.8156196477066,4.93106348113129,1
23551160,"SE","SE-1997",1997,0,0.203587541697671,2.45155361065397,7.98393669057311,12.0640134442871,4.24948314005904,0
23551160,"SE","SE-1993",1993,0,0.357922244882015,3.34594376226872,7.38743597132032,11.1015611429188,4.24227710239861,0
23551160,"SE","SE-1994",1994,0,0.43402958007126,4.41727873321904,9.67740529366834,14.3305010637583,5.3118320745678,12
23551160,"SE","SE-1995",1995,0,0.58386829019336,3.07889897075925,7.50797254909549,11.7537119778426,4.3494036113701,0
23551160,"SE","SE-1996",1996,0,1.00882078581146,3.04150454532024,6.20320118625063,12.4329813205619,4.21152756794112,0
23551160,"SE","SE-2024",2024,NA,NA,NA,NA,NA,NA,NA
23551160,"SE","SE-2010",2010,0,0.621435494152597,3.19827032210427,8.34128172481985,13.4433928964735,4.65190010021182,0
23551160,"SE","SE-2011",2011,0,0.47921983261567,2.74542989870274,7.99493288023189,12.7020402307377,4.51492258081166,0
23551160,"SE","SE-1999",1999,0,0.24993235821562,3.13701193338285,6.64342106423974,12.6092427170821,4.15310683636384,0
23551160,"SE","SE-2015",2015,0,1.03157715252325,4.44053168559473,9.72412370124548,14.1311283700368,5.78415857309951,0
23551160,"SE","SE-1992",1992,0,0.627221000542931,4.2855962381513,9.1972322528612,13.6835109658694,5.32964968400641,0
23551160,"SE","SE-2006",2006,0,0.528271781673577,3.88966251468072,8.1013029223669,13.8942510504455,5.05137587223856,9
23551160,"SE","SE-2007",2007,0,0.763303999380919,3.93613523373375,9.74367908855704,15.3493500904628,5.6033023994576,25
23551160,"SE","SE-2008",2008,0,0.550703180132175,3.43893222052963,7.71386082399309,13.0107672746421,4.53284129267408,0
23551160,"SE","SE-2009",2009,0,0.795161099668498,3.63451452026861,10.0540355784102,13.6330889944091,5.15633947302568,3
23551160,"SE","SE-2001",2001,0,0.391801410180057,3.92915105249216,10.377881804938,14.3661335860582,5.32229093533409,8
23551160,"SE","SE-2002",2002,0,0.40496331577513,3.51570623825566,9.17447982040893,13.6569201278463,4.92160409053577,5
23551160,"SE","SE-2012",2012,0,0.312276035536678,4.1126592912622,9.59496407232544,14.3948568483279,5.00070246385715,0
23551160,"SE","SE-2000",2000,0,0.725855399337632,4.51899696474655,7.54104472409239,13.8172279181225,5.00627265933618,11
23551160,"SE","SE-2005",2005,0,1.34714050298517,3.60692433372668,8.84314761556886,13.9607891098054,5.25272204267692,5
23551160,"SE","SE-2020",2020,0,0.585072450098174,3.31925516364426,8.52465846451157,13.948384206167,4.89376597381975,4
23551160,"SE","SE-2003",2003,0,0.764910494645226,3.38112610191962,8.31557067040154,14.4790630244163,4.94595827136439,8
23551160,"SE","SE-2004",2004,0,0.473998502832313,4.56344431603827,8.85582917145217,14.0657908000631,5.15212593632918,2
23551160,"SE","SE-2023",2023,NA,NA,NA,NA,NA,NA,NA
23551160,"SE","SE-2019",2019,0,0.32354809200195,3.6317818962313,8.73954198229954,13.687597551375,5.02937181504634,3
23551160,"SE","SE-2021",2021,0,0.386899124148535,3.67050275044711,10.096383411335,15.0463413095957,5.43632566294535,20
23551160,"SE","SE-2022",2022,NA,NA,NA,NA,NA,NA,NA
23551160,"SE","SE-2013",2013,0,0.642528753142728,3.34269221081977,9.43055516309192,14.4063914722974,5.24725343961627,3
23551160,"SE","SE-2016",2016,0,0.903451430283641,5.00808019850502,9.33589639219962,13.3656102684172,5.4010638536536,0
23551160,"SE","SE-2017",2017,0,0.914446421212001,4.0132434208819,8.33440511383634,14.7538609580707,5.37542708142896,10
23551160,"SE","SE-2018",2018,0,0.658581518661128,3.41612576748884,9.4010076635855,14.7742591315875,5.16255011813668,10
23551186,"LA","LA-2002",2002,0,0.678667443225675,3.32015625044593,8.69931712378243,12.6343187668382,4.62394689367764,0
23551186,"LA","LA-2000",2000,0,0.732239983981061,4.15789457401278,7.10009755039109,12.8989829222192,4.65076623081856,0
23551186,"LA","LA-2001",2001,0,0.591446670393486,3.6560477581263,9.50949422696482,13.4992936786935,5.03595685454201,0
23551186,"LA","LA-2013",2013,0,0.775238080697461,3.40147516842748,8.62018579468544,13.6149881332542,4.9933410980652,0
23551186,"LA","LA-2014",2014,0,0.966331223576068,3.58188877812202,8.38371366208861,12.817450035388,4.68678252490959,0
23551186,"LA","LA-2015",2015,0.121785174003875,1.12109078504385,4.29392926932641,9.12880508514932,13.0689733469166,5.47672302315851,0
23551186,"LA","LA-2012",2012,0.028729482293089,0.528047266545379,3.69344416261103,8.84038919229898,13.4311737847967,4.70216060995005,0
23551186,"LA","LA-1992",1992,0,0.71688875030851,4.13599572165286,8.62684199724698,12.914607999967,5.03935476592775,0
23551186,"LA","LA-1993",1993,0,0.577016690519892,2.9794401809987,7.13008512012669,10.2711363870415,4.01667711425005,0
23551186,"LA","LA-1994",1994,0,0.580347619428685,4.07207477008865,8.7444391309473,13.5190623580872,5.04516680393256,1
23551186,"LA","LA-2016",2016,0.00531328951961049,1.05562577823592,4.79557147116999,8.67345054578894,12.6760854505782,5.10818014446598,0
23551186,"LA","LA-2024",2024,NA,NA,NA,NA,NA,NA,NA
23551186,"LA","LA-2017",2017,0,0.938683206942307,3.64613757038236,8.09272777495997,13.8605119878855,5.02490628974868,0
23551186,"LA","LA-2005",2005,0.00539430692482257,1.32036193135268,3.51885346953708,8.25569310846402,13.2177257956052,5.05544518065738,0
23551186,"LA","LA-2006",2006,0.00788730533113254,0.766334672325258,3.64757042594949,7.86301777216665,13.000305364735,4.83515792537395,0
23551186,"LA","LA-1995",1995,0,0.686677184986544,2.80436717364699,6.82749039063353,10.869764820132,4.05148604637626,0
23551186,"LA","LA-1996",1996,0,0.94056057770919,2.82093076813941,5.68984346571674,11.4188005731568,3.90158824034269,0
23551186,"LA","LA-1997",1997,0,0.422190834213197,2.21262730992675,7.31104696338935,11.1147850883828,3.9518148822726,0
23551186,"LA","LA-1998",1998,0,0.562051204650308,2.86000698700802,7.61420633087731,13.2030459609523,4.56662930658269,0
23551186,"LA","LA-1999",1999,0,0.430719655815468,2.66725058268316,6.12139321614645,11.3216849345581,3.80326334427309,0
23551186,"LA","LA-2023",2023,NA,NA,NA,NA,NA,NA,NA
23551186,"LA","LA-2003",2003,0.159643570443429,0.865610065665884,3.2379179355454,7.91570276845635,13.5606665171716,4.67324987378282,0
23551186,"LA","LA-2004",2004,0,0.578733847493773,4.30144154856857,8.24399919497182,13.2379652734008,4.82994184611822,0
23551186,"LA","LA-2018",2018,0.20946717937573,0.728448771551132,3.21404883021094,8.63091464003014,13.8510788708391,4.88782858694633,0
23551186,"LA","LA-2007",2007,0,0.884765813022365,3.54998560889237,8.96881684191168,14.5184724020537,5.33471449438199,8
23551186,"LA","LA-2008",2008,0,0.753206994119135,3.17950598169303,7.51775172525134,12.2916709009669,4.3588962584889,0
23551186,"LA","LA-2009",2009,0,0.990846722783444,3.20703053948877,9.30139303077834,12.8368662255582,4.89639687501395,0
23551186,"LA","LA-2010",2010,0.0398755600655219,0.745033848229657,2.81253072228373,7.90841064534647,12.7622211312576,4.39676570355609,0
23551186,"LA","LA-2011",2011,0,0.668191888857495,2.57598440672885,7.4172444533541,11.6952049584095,4.2574698403365,0
23551186,"LA","LA-2022",2022,NA,NA,NA,NA,NA,NA,NA
23551186,"LA","LA-2019",2019,0,0.555447047764269,3.40812118327681,8.07926739046663,12.7652440218788,4.7128988447326,0
23551186,"LA","LA-2020",2020,0,0.573591940267005,2.95275727605828,8.08692262964318,13.1454035086406,4.58874451333801,0
23551186,"LA","LA-2021",2021,0,0.521137163259729,3.32922739861747,9.35463481159946,14.1069078818003,5.12676003207992,1
23551438,"SF","SF-2012",2012,0.221932485912453,0.897753027255809,4.27253057636774,10.3735468884756,15.2409868242885,5.74487292956942,27
23551438,"SF","SF-2023",2023,NA,NA,NA,NA,NA,NA,NA
23551438,"SF","SF-2024",2024,NA,NA,NA,NA,NA,NA,NA
23551438,"SF","SF-2013",2013,0,1.42172020444845,4.4882152933996,10.7324724735054,15.2222751576857,6.14677744164988,27
23551438,"SF","SF-2011",2011,0.0351305713940202,1.05311695699779,3.60701038380019,9.78225410608258,14.0566244722161,5.36310304648052,0
23551438,"SF","SF-2002",2002,0,0.904256345896935,4.46174656517024,10.348991179034,14.6417539236308,5.78169229809772,15
23551438,"SF","SF-2019",2019,0,0.805679227672556,4.37521349634502,10.5518788801558,14.4456455897796,5.78832370537786,11
23551438,"SF","SF-2020",2020,0.00416836661611327,1.05698805112331,4.07093932930302,9.93576327903087,14.7262234597481,5.62791618438025,11
23551438,"SF","SF-2021",2021,0.05094562684992,0.680807082034383,4.53498190090236,11.5256421535052,15.9818146878902,6.14183559610038,48
23551438,"SF","SF-2022",2022,NA,NA,NA,NA,NA,NA,NA
23551438,"SF","SF-2010",2010,0.115574394916131,1.23305591393572,4.00995201679137,9.76958521022627,14.2398756597785,5.37745795935252,6
23551438,"SF","SF-1998",1998,0.0211760092395458,0.994965430986718,3.63279760208632,9.11939139640421,14.8722353176754,5.45860981527612,16
23551438,"SF","SF-1999",1999,0,0.752128307150024,3.95285770316575,8.04810259885646,13.5920689911872,4.89020828292298,0
23551438,"SF","SF-2000",2000,0.0553136606894307,1.21830697165259,4.82608834635146,9.43524478160955,14.7529668475355,5.800629069198,15
23551438,"SF","SF-2001",2001,0,0.689393022517095,4.65924088149835,11.0691184272589,15.0938442250496,6.01518372299905,21
23551438,"SF","SF-2014",2014,0,1.50038424170885,4.47452808374402,10.5358749992696,15.2413198354941,5.81801172473423,25
23551438,"SF","SF-2015",2015,0.313767929112741,1.9594258576722,5.68030580372526,11.4661995658892,15.0710334083908,6.75269887324057,19
23551438,"SF","SF-2016",2016,0.222202265901549,1.61592598541842,5.13141832446681,10.4368900988633,14.3498974076851,6.27170131216937,7
23551438,"SF","SF-2017",2017,0,1.56500784532845,4.96281463215658,9.911052339161,15.3855559182536,6.08157178226323,32
23551438,"SF","SF-2018",2018,0.438046980841228,1.29301569219871,4.25020576429428,10.9212113351947,15.4330304822442,6.00690081437888,28
23551438,"SF","SF-1994",1994,0.0274305148755253,0.978114801937865,4.93461611226968,10.6513318811527,15.1584620446796,6.02190767037371,20
23551438,"SF","SF-1995",1995,0.144900570647043,1.15373235997379,3.76143126878073,8.67772444898375,12.999004709047,5.02317847196438,0
23551438,"SF","SF-1996",1996,0.155468165651911,1.69751226414989,3.75656348285746,7.57956218157944,13.6479545962425,5.20090555858549,1
23551438,"SF","SF-1997",1997,0.00755210411258635,0.81692176726024,3.51122713839471,8.99090602165739,13.0301935913582,5.04887172590228,0
23551438,"SF","SF-1993",1993,0,0.633821173355939,3.95966543285694,8.54147023157481,11.9763991955996,4.8934436812712,0
23551438,"SF","SF-2006",2006,0.0382962776412481,0.907864290338271,4.1659874872133,9.29341941399345,14.7645513923587,5.66543277914703,12
23551438,"SF","SF-2003",2003,0.3605917996303,1.34078718363818,3.99768115639865,9.45016760644319,15.3577366733391,5.74581541832592,25
23551438,"SF","SF-1992",1992,0,1.15086346035575,4.72779766932354,10.2100940325095,14.2895031448215,5.94782093447775,6
23551438,"SF","SF-2009",2009,0.0500144685069895,1.22627912316303,4.26406117638456,11.0277602988035,14.5264802596137,5.92181361659604,14
23551438,"SF","SF-2005",2005,0.213688510191043,1.6167137197332,4.55640013525025,9.63806581487216,14.8819550966283,5.94989837530877,16
23551438,"SF","SF-2007",2007,0,1.27233025492241,4.6350094859328,11.4333113821776,16.1867294134296,6.43264512307979,33
23551438,"SF","SF-2008",2008,0,1.20708544028419,4.20637902433969,9.92268031621896,14.3838357940405,5.40894878868405,4
23551438,"SF","SF-2004",2004,0,0.92844990124339,5.30300155887648,9.99203113756266,14.978125073709,5.9194765892602,18
